-2.2203555;-5.6100287;-0.25388205;-4.69893;-3.456067;0.44282222;-5.3378496;-1.655386;-12.843132;-10.643023;2.37023;-1.9671502;3.2847133;-13.97145;-7.9728394;-4.5502973;-2.1908226;-6.061461;-6.7323513;-10.743125;-6.5602794;-8.529148;-4.737433;-7.3652563;-2.8398361;-3.488258;-6.3805695;0.6616766;-3.1325831;-3.9690437;-6.0699334;-4.3372355;-6.06408;-0.8701936;-2.0560422;-4.12462;-7.748251;-7.1595397;-3.385552;-5.424699;-3.9503522;-6.704093;-2.8807893;-11.21381;0.5236726;-5.26983;-6.181981;-11.549442;-8.308155;-6.2889833;-8.17561;-7.554366;-6.9371996;5.268708;-2.5582197;-0.08598763;1.6379538;3.9093204;-0.15764329;-1.3343793;3.262751;-1.8551936;-3.5696282;-4.0164957;-0.10633832;-1.1957555;0.9574126;0.52082205;0.43166852;-4.9553165;0.5597265;-0.33024126;0.5335267;-1.1412854;-3.241834;-0.020849407;-4.0421543;-2.6156168;-6.09953;1.7879573;
3.395762;-10.522753;-5.9568577;-7.283789;-7.0015306;-5.4909143;-8.186741;-5.5109825;-12.002977;-12.955591;-1.7332681;-4.442813;-0.8995292;-11.351678;-5.8103695;-4.856576;-6.606552;-6.7633953;-9.340221;-10.681201;-6.8409543;-9.389366;-4.0151196;-5.483462;-7.297379;-6.6748433;-11.18105;-2.4510276;-5.314399;-7.7424874;-9.078987;-6.2478967;-6.6794963;-4.9269056;-2.5258656;-6.8801303;-8.019555;-7.7029696;-6.124894;-6.274802;-5.853215;-8.462324;-4.160699;-14.478242;-2.429455;-7.537984;-6.771924;-13.624092;-9.469458;-7.362926;-9.980839;-8.823246;-10.685726;2.3959465;-4.0560656;-1.6049647;-0.55411637;2.3777947;-0.85159373;-4.3859196;1.9783716;-0.573388;-5.231351;-4.4844174;-1.2951498;-2.084259;1.5751433;0.3267824;0.15266153;-7.818759;-0.30185008;-2.9652658;0.5262829;-0.90981317;-2.1281688;-2.0500677;-3.3070586;-3.287962;-6.782249;7.1904144;
2.7606335;-12.551637;-7.446457;-9.662336;-8.23398;-6.5127907;-10.188107;-6.2879725;-14.693686;-14.24823;-2.7581112;-6.481906;-1.3597554;-13.874789;-7.8415155;-6.2431707;-7.9612937;-8.7077875;-10.615572;-12.776197;-8.210783;-10.785284;-5.9009047;-5.836834;-7.6583414;-8.392552;-13.995875;-2.7573502;-7.2641206;-9.218845;-10.938168;-7.253733;-8.57645;-5.61672;-4.146704;-8.760246;-10.150051;-9.576035;-8.078337;-7.7583046;-8.087834;-10.662288;-5.763544;-15.318266;-3.1506402;-8.548341;-8.125471;-14.984831;-11.003204;-8.418554;-12.257165;-11.469292;-12.005018;2.1816568;-4.4142976;-0.7061577;0.781257;2.2518446;-1.595013;-3.7784295;0.7505905;-2.1247916;-7.2014585;-4.202736;-1.0869536;-2.5732722;0.24116233;-1.7374284;-0.2551875;-8.777729;-0.9216223;-3.6162858;1.4109025;-2.3263903;-3.6518612;-3.6791117;-3.388582;-3.6269603;-8.220375;10.605143;
3.0465598;-15.053358;-8.534432;-10.924492;-9.0063;-6.3710504;-13.447685;-6.5906377;-17.975845;-16.365479;-3.4322119;-5.2322807;-0.6753144;-18.68385;-9.603672;-10.13446;-8.250961;-11.076105;-11.231398;-15.539486;-10.362296;-14.128237;-8.833734;-7.3320756;-11.638998;-11.081916;-14.56198;-3.4527173;-9.04305;-9.865976;-12.16541;-9.479959;-12.151549;-6.9876986;-5.8133154;-10.64332;-13.375228;-11.568357;-11.072906;-9.983458;-11.114102;-12.311596;-8.30136;-16.451897;-5.294164;-12.462806;-11.246501;-16.596127;-14.037694;-12.745252;-17.35702;-14.208227;-14.668819;3.0083444;-5.0787153;-1.452149;-0.33383256;2.939876;-1.1240555;-4.536558;-0.15564865;-3.8680224;-9.11002;-5.278138;-0.3460854;-4.476353;-0.47924644;-0.52529097;-0.46696746;-10.6402;-1.8383634;-6.6903524;1.1920397;-3.520164;-5.585108;-6.970739;-4.518476;-5.3341317;-8.753618;13.360033;
0.44150853;-15.699568;-7.7106957;-9.551345;-8.343533;-5.0291433;-13.266553;-12.339292;-15.493563;-17.897696;-5.656164;-5.6289735;-1.3364451;-15.680431;-8.564426;-9.283845;-6.480091;-7.698884;-14.010656;-10.027788;-7.432065;-14.867579;-7.6750445;-10.078609;-13.247635;-13.583598;-16.08689;-5.8309255;-8.218828;-10.903469;-8.566015;-6.9671493;-10.924916;-9.055802;-9.940128;-9.50548;-10.348838;-12.801799;-13.186113;-12.269485;-7.6387043;-9.905924;-10.334928;-15.572729;-9.90314;-9.096056;-12.487434;-13.119376;-14.878509;-13.202557;-14.245116;-13.018077;-13.247128;2.4643304;-4.210353;0.66869634;-0.74107575;2.0280151;-3.3993096;-7.263389;-5.5761566;-0.70131135;-4.4372673;-7.9152293;0.8058819;-5.7037487;0.47475302;2.940084;-0.66820765;-13.55096;-0.9114547;0.12127817;-1.5302205;-1.526259;-2.3752203;-6.2769156;-3.3922806;-5.0652404;-3.8914194;11.758078;
-2.1066127;-12.950842;-7.828622;-9.293751;-5.9237814;-5.5199995;-7.1497483;-9.295393;-16.919216;-15.473341;-3.733204;-4.96758;0.40187407;-16.74171;-5.9929743;-5.732375;-10.257499;-12.382355;-9.059507;-9.742167;-7.6479526;-19.656187;-10.99584;-10.868749;-11.197597;-8.357978;-16.083874;-3.499435;-8.50639;-6.59697;-5.0261564;-7.4087873;-10.906299;-10.986853;-12.195585;-7.6089373;-4.7634883;-10.142391;-9.766159;-8.0157995;-5.8793325;-2.7516427;-9.616476;-10.483366;-11.793957;-10.479612;-11.249672;-8.116587;-10.710066;-12.783377;-8.101629;-10.087229;-12.413232;-0.014013767;-3.7074718;1.8518572;5.5308294;0.89376354;-6.876382;-6.741023;-7.465864;0.8581142;-4.2503915;-5.916769;0.71100366;-4.921773;-0.045609355;4.567502;-3.0638936;-9.254641;0.81775784;-3.6302702;-4.700668;1.7613895;-0.3700821;-6.220394;-4.1290092;-6.430592;-5.3075333;10.960798;
-4.357255;-13.709293;-7.8988347;-12.012201;-6.8166466;-8.07295;-8.68505;-9.72864;-20.064346;-17.68607;-7.6186504;-6.0868196;-3.9046278;-11.340478;-3.2571113;-7.7274895;-9.213953;-14.01125;-8.387766;-13.461082;-4.8304276;-17.538368;-12.088501;-9.815479;-15.429689;-12.071543;-17.539335;-5.584671;-10.225383;-6.737412;-2.2874067;-7.4458485;-16.354984;-11.332428;-11.276075;-6.2633085;-4.533206;-9.916004;-7.57098;-10.302887;-6.1973896;-2.2032707;-10.0322075;-6.8945713;-10.279302;-12.889475;-8.989991;-6.480616;-10.618517;-13.827048;-12.0838585;-8.148009;-14.164013;0.89329046;-3.0337374;2.0930448;8.942861;3.1015322;-6.7750654;-5.852908;-1.6230323;0.8483441;-4.018042;-3.1919334;5.101225;-3.71191;-1.0807972;5.7317963;-6.102774;-7.0313673;-0.22645622;-4.779494;-0.9720261;0.46976265;-2.6496408;-8.383639;-7.3200846;-5.417222;-14.87363;6.958297;
-5.255374;-11.207873;-6.901513;-10.845625;-4.3018975;-4.9535046;-3.41545;-9.229267;-20.72718;-15.166698;-5.4290895;-7.4925833;-4.8055644;-9.37618;-4.5586414;-7.183127;-9.142191;-15.390158;-8.401289;-13.386551;-3.9028797;-17.506285;-11.310169;-12.031294;-15.489586;-10.223934;-17.38964;-7.3217983;-9.400806;-6.7343855;-1.7253163;-6.878856;-18.323536;-8.91313;-10.323061;-5.2107806;-5.7333803;-12.048678;-4.559853;-9.398968;-5.0628276;-4.522334;-11.267929;-8.513279;-8.646308;-14.840511;-9.199773;-6.768688;-10.125364;-11.159745;-17.115753;-6.815727;-15.475346;-1.012052;-2.3606691;0.29153955;9.3726015;3.6406736;-5.388553;-5.9749155;-0.9021019;2.54481;-3.4038594;-2.4005158;7.2019343;-4.155669;-1.6355746;3.0201159;-4.358915;-10.368037;-0.04689145;-6.3191805;-0.2547412;-0.5031171;-1.2842339;-8.620534;-10.382306;-5.397998;-13.737254;7.2300243;
-1.0430933;-12.0991535;-7.8568788;-8.565111;-3.8664603;-3.2709866;-4.584734;-8.081407;-16.7816;-12.981684;-5.3776293;-3.2028213;-3.911374;-9.991871;-5.971443;-7.897288;-8.503065;-11.457804;-7.799627;-9.465996;-6.9013805;-17.13346;-11.362713;-9.961546;-11.3771;-7.7285395;-16.708;-8.043247;-11.136727;-8.55471;-5.6428685;-6.1226277;-16.295269;-10.69267;-13.025261;-4.1744785;-7.3552246;-16.013332;-8.359321;-10.13238;-10.8997345;-5.7052946;-10.666072;-10.999807;-9.926084;-13.031883;-12.790763;-9.827128;-13.340383;-11.022847;-14.395411;-10.650084;-14.964126;1.0712235;-4.0330076;-1.1920664;4.0491233;3.4025729;-8.6317215;-6.171088;-4.584057;3.6167524;-3.742424;-5.6307364;2.0129395;-1.8043432;-0.6328396;2.0121336;-3.8051524;-8.770418;-1.569875;-4.635263;-5.315807;-1.710428;-0.94459295;-10.434183;-9.452379;-5.436886;-9.7789755;14.655133;
-2.0255337;-9.558683;-1.116092;-7.220332;-6.0071325;-0.14571786;-5.231453;-5.516124;-12.307072;-12.881187;-2.7664676;-5.6797204;-1.2090335;-10.959034;-5.5372305;-6.4240294;-8.172502;-11.748381;-5.8225994;-11.499494;-7.3759966;-14.458662;-11.987403;-7.728429;-11.431597;-6.1558895;-13.779973;-5.28579;-9.549447;-7.895272;-1.034642;-7.199686;-13.846353;-9.315108;-7.659356;-3.5016851;-5.0719485;-11.80309;-6.44197;-7.899143;-6.9916234;-4.694375;-10.109755;-9.13081;-7.276327;-10.377011;-9.074964;-6.976863;-10.558986;-9.156794;-11.029888;-8.030815;-10.40471;2.0238206;1.3797113;-0.86439973;10.356962;1.6159708;-6.2127075;-3.9671445;-3.8182278;1.9202216;-3.8939795;-4.7297964;2.9112282;-1.2896476;-0.4543024;1.432042;-6.022952;-7.740547;-0.43822986;-2.2044919;-1.034488;-4.672078;-3.1720006;-9.134017;-5.293433;-2.8423598;-9.598522;7.4657917;
-0.4789055;-11.239928;-3.5688648;-10.77585;-10.17096;1.6084343;-6.3262696;-6.99098;-15.382254;-13.604364;-3.7465162;-6.602263;-3.4045548;-9.946143;-6.3810883;-6.953618;-10.316242;-13.809005;-10.727833;-14.756774;-8.994199;-13.037958;-13.102611;-10.366234;-12.321149;-10.015629;-16.856289;-5.408988;-9.623803;-7.7715178;0.41480726;-8.867753;-13.171928;-8.045553;-6.9781427;-3.802112;-6.6960835;-11.698394;-6.8457856;-9.949314;-5.724421;-9.552868;-9.269735;-11.364427;-7.438167;-11.339766;-7.4193964;-8.96519;-13.072247;-9.843395;-15.962724;-7.213723;-12.167024;0.46198642;-0.5607214;-4.229405;10.753048;3.5584;-5.68799;-5.29873;-2.9365585;2.6740103;-5.849171;-5.8062096;3.0769467;-3.23307;-1.497441;-1.4957668;-6.204996;-9.488487;1.2434694;-2.6344981;-0.78069377;-4.449474;-7.005226;-7.970457;-8.809472;-3.0581594;-16.756992;8.053642;
1.6368849;-8.583696;-4.673935;-9.798918;-11.7010145;4.4349623;-5.153325;-6.568519;-14.709691;-12.132757;-1.457402;-3.484755;-3.3320198;-11.1931505;-5.337645;-10.266525;-9.460423;-9.966898;-12.426163;-9.947063;-8.348119;-11.836695;-11.688206;-12.741596;-9.303214;-8.469466;-13.110305;-8.218352;-8.461023;-4.9993596;-1.9075484;-7.016412;-11.00238;-6.5390744;-7.0686283;-2.3264148;-7.5850687;-11.047056;-7.09032;-8.745144;-6.598835;-5.0153646;-5.4247866;-11.62602;-6.2669487;-7.7553825;-6.9393396;-6.6947603;-11.0180025;-7.9440975;-18.027735;-7.729353;-13.935957;-0.41984594;-0.83084166;-4.2897496;3.0388622;4.7447524;-8.571663;-4.021515;-5.8911896;2.5792084;-7.037414;-9.492977;0.25802696;-3.555203;-1.1101899;1.2505817;-4.774103;-11.625643;3.795454;1.09611;-3.150899;-1.2526205;-6.865794;-6.5551167;-14.243472;-2.0335867;-12.931327;8.51484;
-1.4916234;-9.989613;-2.6648316;-9.176272;-12.639767;1.1747862;-8.599299;-5.505104;-18.63718;-14.284384;-0.86749846;-7.432725;-3.7927217;-18.412893;-2.4800348;-12.467768;-12.399864;-11.222987;-14.073489;-9.631338;-10.536684;-13.080046;-11.722695;-9.34186;-9.092281;-7.865015;-13.021582;-6.150402;-8.805141;-6.920974;-3.37649;-8.090354;-14.142521;-6.8787246;-9.9821;-2.1487932;-9.7633;-16.007294;-10.57748;-10.149955;-4.7213306;-2.6876116;-7.4702225;-14.208809;-8.941175;-6.783876;-10.952452;-4.547555;-11.783957;-8.0123005;-16.31944;-7.4452295;-16.716253;2.9118814;0.027813911;-3.414862;3.114678;4.4479647;-10.040999;-1.334016;-7.6099834;4.363167;-9.111202;-10.145006;-2.419204;-0.6657842;-1.0917368;5.9909816;-3.8056436;-9.542985;2.3041453;7.0814013;-3.994616;-1.0073285;-8.63036;-2.5248852;-9.03523;-0.65031767;-11.297124;3.3850026;
3.4228282;-10.043233;-2.5233572;-9.592904;-12.495945;1.1918391;-10.79879;-5.4174285;-15.8000345;-14.278254;-2.5014162;-3.353182;-1.9926465;-18.535084;-5.1275935;-13.243079;-10.668851;-11.64492;-13.750002;-9.269616;-11.129717;-10.6685705;-12.541679;-6.8071804;-6.9446526;-6.5103784;-12.334054;-6.838958;-8.047144;-6.228777;-2.1387095;-9.58578;-8.941219;-7.9447684;-10.394956;-4.8257904;-9.839575;-14.861982;-8.285944;-9.7043085;-5.3823056;-4.179758;-5.0547194;-15.779946;-6.290221;-7.190465;-6.4617953;-6.1448116;-7.762588;-8.218401;-12.811283;-7.0984464;-15.148363;0.7596016;-0.56002957;-1.5018926;1.8088933;0.24086392;-7.2825613;-3.202039;-7.872218;-1.617335;-10.798405;-8.643191;-1.5000584;-1.4322233;1.4102916;2.6952577;-0.26759505;-6.443748;3.9758158;4.85098;-4.2296114;-4.497936;-6.535538;-2.7231;-4.809241;-0.39455283;-9.608406;6.901789;
8.888701;-6.9722013;-3.1506596;-7.7055807;-8.758739;-1.664391;-6.2386003;-5.577483;-11.642896;-8.720074;-2.956422;-3.4576662;-1.712621;-11.338998;-4.0397053;-5.4616685;-6.105905;-6.388398;-8.531373;-6.622789;-7.191002;-5.764787;-7.061221;-5.67943;-5.4444838;-6.125062;-8.172992;-5.3229165;-3.102551;-4.912934;-3.264625;-4.7298036;-4.082516;-5.778406;-5.350482;-3.458293;-6.357155;-7.738316;-5.1770797;-2.6045327;-3.3887208;-5.0268126;-2.0400808;-10.579407;-1.8140041;-3.8843782;-2.0892477;-5.4287834;-5.480744;-4.6744423;-9.751236;-4.4338655;-10.678873;-0.7396278;-1.8508601;-1.060805;1.5732785;0.64184636;-2.6953292;-0.5184474;-2.631157;-1.8927813;-8.513203;-3.8332238;-0.6445426;-1.7806146;0.003737092;-0.9888053;-0.5841042;-4.5904236;2.3589938;1.4944024;-0.80522156;-2.444595;-4.2272606;-1.685227;-5.190346;-0.5478362;-6.2118917;5.2981753;
8.353885;-5.2470274;-1.3526258;-6.379473;-6.6499786;-2.2101748;-4.228892;-4.924424;-10.081992;-6.5059977;-1.8756871;-2.73809;-0.7590313;-10.548368;-4.507091;-3.3327208;-5.3330574;-5.0195813;-6.1858325;-6.7660675;-6.4119625;-6.5785418;-5.6768384;-6.7021885;-4.7860184;-4.746493;-5.4180603;-3.4037104;-1.8793664;-3.5334585;-3.806911;-3.2393084;-4.7592025;-3.6387725;-1.8774792;-2.472068;-4.1518474;-4.848054;-4.82084;-1.0205221;-2.6586614;-4.5071607;-2.7268915;-8.272474;-1.839216;-2.4969883;-1.7253156;-6.1566067;-4.076017;-2.5116878;-10.281822;-3.5295346;-8.468128;0.6543637;-1.7702476;-0.8851005;0.6906549;-0.07742682;-0.79493296;-0.9670872;0.029830396;-1.3649938;-6.593072;-2.6752973;-0.9137691;-0.57531905;-1.0345764;-0.22050941;-0.72285676;-6.1147184;0.7200087;0.6036216;0.6834758;-1.7525778;-3.3228688;-1.0310861;-5.2996306;-1.0030154;-5.6284294;2.3617702;
6.6795316;-10.850693;-2.2359388;-6.459515;-6.7751117;-4.0727406;-8.124589;-6.7181797;-13.956934;-9.446184;-1.3015542;-0.9196471;-0.040477633;-17.586143;-6.3350053;-4.8956103;-6.7083006;-7.1390753;-7.895961;-11.16051;-8.959621;-9.400932;-9.868776;-8.562429;-6.4769807;-6.5641937;-10.94928;-1.9579272;-5.9880223;-7.019159;-7.2628527;-5.504086;-8.717081;-6.323177;-2.5190349;-4.037837;-12.5175905;-9.408001;-7.723571;-4.136901;-7.3082933;-5.9721127;-8.180425;-8.070469;-5.0995617;-4.9704237;-4.6841183;-10.032039;-8.970197;-6.8766117;-16.182625;-7.583105;-10.32575;6.242687;-3.6802974;-0.41407955;-1.711297;-0.0070766807;-4.2065144;-2.1347458;-0.66762525;-0.69237185;-9.25979;-4.302986;-2.931963;-1.3149436;-1.6331568;-0.2819933;-2.5091481;-7.43725;-1.7538095;-1.3478811;-0.5260016;-2.0307152;-5.510158;-3.7597015;-3.6528459;-3.518926;-7.255913;7.8293424;
1.5656419;-10.612343;-0.9984251;-4.497011;-4.850771;-2.7310517;-6.5899925;-2.8107924;-14.711529;-9.908119;0.12761164;0.47385788;0.58518565;-19.769638;-6.114354;-7.4697638;-5.8692384;-9.186792;-8.700254;-11.79281;-8.9214;-9.85009;-11.518993;-8.906452;-6.453107;-4.968894;-8.762032;-0.34606922;-6.050352;-6.1262474;-5.5334325;-6.4784865;-6.7914677;-5.2389874;-3.8089347;-2.2804725;-11.317116;-9.30681;-9.053286;-5.931361;-7.809664;-4.977474;-7.900622;-4.401122;-5.572987;-5.990857;-5.245865;-10.404036;-9.152159;-9.170837;-16.571445;-10.447309;-9.291701;8.2376995;-3.7970784;-0.24688148;-1.6082265;0.07725692;-3.2667866;-2.7234943;-1.7787242;-0.5329571;-8.94564;-4.1761675;-3.5344057;1.3764411;0.25376606;1.829825;-1.0075258;-3.46596;-0.16019928;-0.75000256;-0.80028075;-1.3314506;-6.870202;-3.183456;-2.5872939;-5.7929263;-4.2165413;3.6178794;
1.471677;-14.248398;-4.8738513;-9.9241085;-13.868743;-8.690802;-12.021557;-11.296724;-19.64339;-15.908382;-5.269315;-2.1512818;-2.5798676;-18.007519;-9.007823;-8.065641;-13.062036;-13.444853;-11.667096;-11.244798;-11.721156;-14.244757;-14.584748;-12.4211;-10.153872;-12.218693;-15.695503;-5.2756186;-10.172657;-11.01619;-11.374044;-12.859766;-9.024002;-8.439126;-9.663929;-8.267266;-15.318026;-13.571524;-14.325034;-8.230533;-5.891073;-6.892365;-11.305863;-11.925134;-10.715148;-9.8808365;-8.621536;-10.585738;-14.8201;-11.954754;-18.441746;-13.379155;-16.612291;1.9386556;-2.8937407;-0.30800724;-2.9200525;-2.6645553;-3.6937304;-3.8486276;-3.1367264;-2.1400208;-10.032914;-6.7246575;-3.76572;2.295043;4.2031064;1.7257214;-1.6855881;-6.808791;0.5284837;0.97884464;-0.2512704;0.11033112;-4.520223;-3.691226;-5.208106;-6.329254;-7.2255416;11.116852;
0.3066489;-12.334309;-5.963138;-7.1999445;-12.584;-8.884356;-9.631791;-8.463073;-20.040607;-15.062001;-4.0441184;-3.7134943;-4.7012906;-14.478083;-4.5522833;-4.7844105;-12.39597;-15.902123;-9.198711;-10.92651;-10.110718;-14.1477785;-10.328596;-8.574745;-11.221806;-10.352547;-12.218998;-4.6984096;-6.548024;-8.977519;-9.515947;-13.019724;-9.417914;-8.839875;-9.3364315;-8.33977;-14.785437;-10.0583725;-6.640174;-5.1407824;-0.33442616;-7.654196;-10.509775;-12.331154;-4.208388;-8.194175;-8.659168;-8.440266;-12.658535;-9.571859;-16.425495;-15.211115;-15.464149;-0.7441834;-1.0603883;-0.40856576;-2.442152;-0.856703;-3.821145;-1.6088367;4.469036;-1.0241282;-6.388573;-7.017849;-2.3571053;6.5227175;10.090944;-0.49414167;-1.4924328;-6.6897283;2.8444963;0.8212412;-1.3070009;-0.26692706;-2.517358;0.88975537;-3.6555438;-1.9384222;-7.609208;5.4688387;
4.900097;-12.408936;-6.3739023;-9.222262;-18.921312;-7.9460278;-11.534908;-11.186087;-23.463173;-18.634912;-4.310982;-2.8027582;-6.2003827;-18.203754;-6.997647;-5.4535394;-12.635698;-13.99794;-9.536042;-12.899852;-13.822829;-14.861952;-11.942436;-10.704307;-11.984929;-11.710839;-17.535002;-6.8346777;-10.379644;-11.802268;-10.523059;-13.324434;-13.1453085;-11.333847;-10.423991;-9.365511;-11.407389;-10.730783;-9.863013;-9.00043;-6.993905;-10.596235;-13.023304;-14.352942;-7.3131247;-10.775537;-10.547746;-12.539416;-17.724165;-10.633183;-17.25028;-17.20754;-14.330454;-1.3581783;-1.5305318;-0.053331673;1.1266296;-1.2504251;-7.35086;-4.587887;-1.7130158;-2.6829522;-4.676227;-8.095264;-3.7147145;0.8579504;3.5385737;-0.54261035;-2.8550537;-8.633024;-0.69276005;-0.2350077;0.27694106;-4.6576786;-6.3315415;-2.946106;-5.5300436;-3.1519294;-7.093981;14.397255;
-1.9366318;-12.822775;-6.385203;-7.92277;-16.153309;-8.791832;-11.668383;-10.650083;-17.782196;-14.074538;-4.1005383;-4.3951807;-6.2154055;-22.91197;-6.7100306;-8.390771;-12.362049;-11.436645;-12.083164;-7.905882;-11.2340355;-12.66116;-8.456026;-10.7464695;-7.5326967;-9.335234;-15.066076;-3.9576008;-5.725989;-7.8665037;-8.346337;-5.979197;-8.694474;-7.6458445;-6.6606236;-9.546616;-8.324625;-9.738171;-10.028084;-8.2884445;-6.665551;-4.0253305;-8.704126;-9.941767;-5.018652;-6.1189857;-5.9865913;-9.090878;-15.057947;-9.769207;-15.113822;-10.583649;-11.174997;5.3753066;-0.10145283;0.92990375;3.3239563;0.83744794;-6.7164574;-5.464574;-3.760559;-2.4583902;-8.531431;-8.07495;-5.290654;-3.83217;-0.76313245;7.757647;-3.707831;-5.4764237;-0.01433;2.8859305;0.83226407;-2.9919565;-5.232906;0.23532942;-5.0688457;-2.4632976;-3.9212766;5.846526;
-0.98532295;-13.819267;-5.86564;-9.32097;-16.131115;-7.58736;-14.066901;-11.882719;-15.248945;-15.670928;-5.7256055;-7.1898274;-8.506182;-24.02332;-7.7761564;-11.5852165;-15.008328;-14.059343;-13.920963;-8.369781;-12.052437;-13.336849;-13.129303;-9.858471;-10.25828;-10.390671;-16.266378;-6.206167;-10.282854;-11.362898;-9.110626;-8.880566;-11.742546;-8.660067;-8.562394;-9.396487;-8.619112;-12.906904;-15.060333;-8.448897;-12.480202;-6.1553392;-9.946071;-12.469978;-11.485815;-8.40348;-9.080129;-11.093383;-14.449816;-10.059654;-15.6808605;-11.287381;-14.032492;4.665665;0.2441181;-1.3003966;4.5443783;0.45589623;-4.9876633;-6.870291;-3.4389281;0.28146496;-9.297718;-5.792425;-2.6089292;-2.1795607;-2.8921733;5.010726;-5.597674;-7.4508824;-2.126;2.5731392;1.7543046;-2.584547;-4.829452;-3.6323357;-3.432372;-3.9184294;-8.592255;9.10046;
-2.5653358;-7.0298157;-1.9451542;-5.996316;-6.71204;-6.3121586;-7.871097;-7.2565904;-8.967927;-7.8615923;-2.9153247;-6.496557;-6.903349;-15.699924;-7.9040017;-11.2588215;-10.890888;-13.93935;-6.8196483;-7.9973345;-6.954553;-13.873506;-10.950749;-7.9517756;-5.8847594;-6.625167;-9.546187;-6.694533;-5.5573134;-5.763058;-5.7324066;-5.417944;-10.304695;-9.013023;-4.5873756;-6.1421747;-6.630057;-6.4838634;-6.820293;-3.2355764;-8.138073;-4.711983;-6.6138344;-9.922329;-8.253263;-6.879288;-8.740291;-4.7550063;-7.5053296;-5.088695;-9.250384;-7.4325533;-10.426349;-1.4775391;3.5365448;3.1912694;6.3243523;2.8152905;-1.2823982;-3.3919344;0.90695715;0.21444726;-7.427369;2.0138679;-0.38069236;1.0838114;-3.5239651;1.4198297;-5.061174;-5.669712;-2.224461;0.97839093;5.5191374;1.720496;0.20739979;2.1611884;-2.0479205;-2.6419315;-4.8249936;0.6498701;
0.34489387;-13.355383;-7.146887;-6.449771;-12.755214;-8.887718;-11.311155;-10.538921;-12.88689;-12.985874;-5.2191167;-3.7482767;-7.669942;-18.146599;-11.115105;-17.925743;-16.084677;-17.118021;-11.246317;-12.567046;-13.626407;-17.752867;-14.286459;-9.890451;-11.28218;-13.024214;-16.368858;-9.202202;-10.390072;-10.143323;-8.015894;-7.9885864;-14.115228;-11.435493;-5.8910704;-11.22209;-11.004169;-7.0677876;-10.319228;-6.8307967;-7.677816;-8.708047;-10.244788;-14.110687;-9.733794;-10.384037;-11.659306;-10.306465;-9.635414;-8.305615;-9.712694;-10.924244;-15.790503;-3.3871658;0.0656392;-0.48290122;0.6976018;3.4227338;-3.9344692;-3.0503728;5.086384;-2.3810716;-11.125097;3.9571881;-3.3143253;-2.5352979;-1.4373913;-1.9934553;-2.6502612;-9.007952;-3.0059805;0.021941215;2.0450253;1.5152383;0.45146835;0.19702074;-4.1660786;-3.8349173;-4.629777;9.522365;
-3.9670475;-13.187832;-8.09893;-7.9691887;-12.5501585;-6.988352;-8.555557;-8.848688;-11.909701;-13.413875;-4.7783775;-6.8617954;-8.0068865;-16.164728;-12.053691;-16.272621;-14.332455;-17.920603;-9.519024;-15.834648;-11.892417;-15.8284645;-12.302934;-11.80427;-13.920697;-14.444212;-10.94904;-5.6546235;-8.560239;-10.856819;-8.906057;-7.9250674;-14.519642;-12.897885;-5.2382355;-11.16257;-10.972422;-5.7127905;-7.3263197;-5.368115;-5.9038353;-11.249798;-11.459101;-17.206364;-5.659964;-12.031773;-11.639349;-11.861793;-7.731338;-8.16336;-8.704649;-11.011026;-11.723686;-2.8727791;1.1687338;1.5074441;2.1917255;3.5279396;-1.6044458;-2.2645216;9.640004;0.9679314;-12.152563;6.674719;0.34931922;-2.133404;-0.4679134;-2.4995174;-1.1818182;-9.170368;0.38281548;0.6922642;4.9227695;0.9975775;2.175572;1.332233;-4.424182;-3.1334102;-2.162684;2.241882;
-0.23475736;-9.493686;-6.1863537;-8.313737;-12.171909;-2.3297775;-8.21625;-9.749756;-15.9305105;-18.84549;-5.5471487;0.6388068;-4.748081;-13.965318;-11.272646;-13.575399;-12.112507;-16.793392;-11.430643;-13.243823;-11.014196;-19.629368;-14.970655;-13.01193;-13.569811;-15.495501;-11.609943;-11.216406;-9.095922;-8.241753;-11.519806;-7.0408382;-14.456929;-11.674941;-8.510892;-7.3997097;-9.011915;-10.810309;-5.774822;-6.3655148;-12.8300295;-11.552763;-12.834644;-18.077272;-9.434522;-10.660567;-11.843;-8.659097;-8.977396;-9.938646;-16.75902;-11.831784;-13.273356;-4.714424;-2.4656599;1.0738904;-3.3164725;6.2423;-5.4254837;-5.0350313;4.939371;3.1523628;-10.205204;-0.8193857;1.3850367;-4.6870537;-0.51513994;-1.2348433;-4.2198;-16.386683;-1.8464174;-1.9479077;-0.13184726;4.4556093;0.98623407;-3.4956884;-14.741101;-1.0578532;-6.7619915;9.886269;
-0.06646246;-11.346403;-7.2506695;-10.07769;-10.533819;-6.228634;-6.62504;-10.189983;-21.434635;-17.503824;-4.3142467;-3.6083794;-6.4782286;-12.984541;-8.6671505;-10.062634;-12.084942;-16.820333;-8.048859;-13.289201;-10.835406;-19.682583;-13.392727;-12.18408;-16.46263;-16.57394;-14.092806;-8.865317;-9.862215;-5.7972045;-14.531376;-5.307548;-14.857439;-9.883064;-10.182901;-5.3476434;-10.349506;-10.946918;-7.194518;-4.795651;-10.758127;-9.324604;-11.718425;-19.198866;-9.423742;-8.686581;-12.678761;-4.506461;-8.673269;-8.256651;-18.095987;-10.552877;-15.280018;-4.440833;-4.772649;-0.12240076;-4.507217;10.014343;-5.3993073;-4.946397;2.5326316;1.9203415;-14.54362;-5.473143;1.8660765;-3.7145662;-1.1568654;-1.2134026;-3.762729;-15.155659;-4.6651096;-2.39675;-1.0262308;5.314492;0.061918616;-3.033973;-17.328508;0.8792143;-12.305504;9.729992;
-2.1792555;-8.316687;-5.096486;-11.682133;-10.690743;-6.431478;-3.3957343;-7.4472904;-20.583755;-12.373471;-3.4095483;-4.934454;-5.6703525;-10.816044;-3.0987499;-6.5238695;-8.79203;-13.108804;-4.7922935;-8.611542;-8.066734;-14.60865;-9.839659;-7.715973;-14.644905;-13.657354;-9.956474;-5.5717444;-8.547417;-3.0327206;-10.254024;-2.4082863;-10.848393;-9.723079;-8.794615;-3.7291374;-11.291391;-9.877805;-5.4335575;-3.7229488;-6.5721865;-4.9568596;-7.11404;-18.077595;-8.787956;-7.038507;-10.637281;1.2177463;-5.6746597;-6.057281;-18.38374;-7.75517;-13.397034;-2.8791533;-5.1078415;-0.7210717;-4.1925015;9.270006;-2.5035443;-4.527669;0.06398147;1.9424384;-17.911007;-6.8076005;0.18624812;-3.4172568;0.24673033;-0.023674965;-4.1906557;-11.848426;-1.0444982;-2.272439;-0.65485007;2.4348292;-2.788361;-3.1518033;-16.06405;1.1577187;-12.613268;5.427752;
-0.4922387;-11.670963;-7.207846;-12.216481;-14.192967;-4.1633306;-10.818968;-5.893723;-20.05522;-16.952858;-3.9142466;-3.7453585;-4.351435;-13.576667;-6.168019;-6.8067245;-8.910064;-12.392013;-11.313321;-7.3147635;-15.170229;-14.591935;-11.490566;-10.635385;-14.964987;-11.2802105;-11.819895;-4.286165;-8.301546;-7.7013164;-5.6743264;-6.6059813;-9.527874;-12.956118;-9.426336;-5.5573153;-12.575884;-12.950334;-5.3347564;-5.7232127;-3.6459787;-6.0077863;-7.3557467;-18.00671;-7.0650244;-5.704248;-8.239105;-2.6576724;-5.027956;-6.521105;-15.992545;-8.318389;-13.238007;-3.8351128;-5.3094482;-3.5479355;-3.6689136;3.9185953;-4.085958;-4.540995;-0.24245512;-0.45766568;-17.89821;-7.5558596;-2.4209757;-5.807811;3.0091043;-1.7543999;-3.8817687;-10.472047;3.4540226;1.8878757;-0.708071;-4.159402;-4.470398;-4.7320094;-11.012381;-1.5994223;-11.195366;7.77759;
0.9268702;-9.773792;-5.6697574;-11.857809;-12.634802;-4.5757284;-12.044691;-3.3969717;-15.657114;-16.143667;-3.3202717;-1.9296772;-3.5326324;-14.938043;-7.0231504;-6.057924;-8.892155;-11.528894;-11.643619;-7.616728;-13.728869;-9.499128;-9.289052;-9.605475;-11.554528;-8.09681;-9.813837;-4.4267054;-6.543373;-8.808805;-4.9322977;-10.445063;-7.6801224;-13.713736;-7.769341;-4.926315;-9.587945;-11.24171;-2.9460075;-3.3328052;0.37128532;-10.427755;-5.748554;-18.01201;-2.6217077;-4.4486113;-5.3227887;-9.488225;-2.5576925;-8.063475;-11.383434;-6.0450964;-11.295526;-2.519436;-3.8610253;-2.9345367;-0.6587323;-0.43187746;-5.567072;-4.710338;-2.5279016;-1.324595;-15.112842;-7.424487;-1.4110317;-3.3116684;5.082514;-2.3206773;-2.1912668;-6.645285;8.353391;4.7186127;0.4193363;-5.1960697;-1.805774;-3.8579955;-3.6517076;-0.78845346;-8.323159;4.425447;
8.2157545;-5.565324;-3.3861501;-9.282496;-9.855657;-3.0287063;-7.692269;-3.587358;-12.692603;-10.195581;-1.5079087;0.8105276;1.2413611;-13.349085;-5.6465073;-5.890478;-6.460128;-8.4505825;-8.56026;-7.214915;-9.442661;-7.5424585;-8.888362;-7.346551;-5.617658;-6.4066105;-6.819034;-5.450268;-4.6533527;-6.2513514;-6.2084966;-5.1426444;-6.1813893;-9.2681675;-7.6786113;-2.4866378;-7.2130423;-9.727196;-3.4145224;-3.535332;-4.7953935;-8.840354;-4.6102095;-13.026609;-3.358602;-5.4697514;-3.7166886;-9.682151;-5.176606;-6.278431;-12.441454;-6.640995;-10.202908;-1.747972;-4.317529;-2.3714104;-2.8749115;0.4187816;-3.4726303;-2.5693662;-4.520295;-1.4947207;-11.2340145;-3.9185848;-1.215142;-2.458226;1.6206782;-1.5866103;-2.3232198;-5.233135;1.0921266;0.5947274;0.517077;-4.7478204;-2.091445;-3.1027656;-5.8761744;-2.061154;-6.2328506;7.494701;
10.220587;-4.740349;-1.634097;-6.749626;-6.1690865;-2.0053844;-4.002116;-4.387067;-10.648567;-6.3855658;-2.6112967;-1.3743149;0.46164036;-11.488856;-5.518292;-3.4177403;-4.4710484;-6.3828254;-5.4803724;-7.663734;-8.122433;-6.7319;-6.276909;-6.218115;-4.2659;-5.167552;-4.4938016;-2.4685528;-2.153001;-4.0873823;-3.590876;-4.5995173;-4.3295045;-4.7009892;-3.5817068;-1.967568;-4.089425;-4.3957477;-4.4819517;-0.7048133;-2.6538687;-5.8552017;-2.6759744;-8.408106;-1.2755971;-3.1332786;-2.284676;-6.140068;-3.7617147;-4.3139057;-9.5589285;-3.6823654;-7.829346;-0.93086374;-1.6042676;-1.155683;-1.1984317;0.14701526;0.17487876;-0.97800064;-0.7953227;-1.4911122;-5.874297;-1.7347312;-0.7928902;-2.4122362;-0.15151334;-1.3989413;-0.5870504;-4.6336327;0.19119883;0.63808614;0.81536716;-1.8369583;-3.137497;-1.8365415;-6.12509;-0.99706763;-4.7498713;3.6647656;
9.214428;-8.956284;-3.5203319;-9.464492;-7.633817;-3.7117913;-6.5070977;-8.634374;-19.674122;-8.441224;-6.2012777;-1.3270481;-0.41215312;-15.964312;-9.6498575;-4.776106;-6.5051136;-11.513001;-10.155197;-14.103022;-12.093798;-13.837698;-10.075414;-9.658967;-10.410036;-9.624832;-10.275526;-3.113854;-4.608346;-3.7876666;-3.6293616;-6.0800133;-6.6710844;-6.530588;-3.7264538;-4.1701303;-4.4576187;-5.471922;-0.8363107;-4.29037;-2.452938;-5.2432203;-2.4030318;-7.545667;-3.9478824;-1.0161083;-4.107772;-7.494982;-6.080326;-3.3080692;-10.6580105;-3.235808;-5.3584733;-1.592134;-1.0150669;-0.600014;-0.31732103;1.6296096;-0.55507505;-4.275116;1.0021013;-3.9761505;-9.97419;-3.1631927;2.9078357;-4.5025554;-3.3924747;-4.5757227;-1.4502798;-8.817358;-1.6346805;-2.423153;-1.6853673;-5.9456043;-6.6285777;-3.9074185;-9.484489;-3.0768723;-8.598211;10.104398;
-1.1294892;-5.72297;-0.5913114;-6.4515457;-4.307144;-1.5750107;-3.4254208;-4.887328;-22.762579;-9.369787;-3.5689766;-2.9723518;1.7613114;-14.998376;-9.678654;-3.120049;-3.6699092;-12.476198;-9.2952385;-15.958729;-9.677167;-15.972867;-9.136242;-11.633488;-9.162445;-7.2710342;-9.0423565;-1.1428883;-2.8077693;-0.5911324;-0.8435966;-0.6212988;-6.0025644;-5.34618;-1.4590936;0.08963466;-2.292305;-1.9041554;5.038383;-5.1496534;-0.10038912;-4.092514;-1.8678548;-6.0447807;-3.3547406;4.0900273;-3.450725;-5.4149;-2.097784;-0.88321596;-7.950082;-2.2118196;-1.4365454;-1.8291535;2.6820228;-0.3412863;1.7971953;4.6462874;1.8248409;-4.221692;5.4176793;-2.8050575;-8.045673;-0.560887;8.057375;-4.17769;-3.3104417;-3.8144186;-1.9909477;-9.250235;-1.9618832;-2.2045386;-0.21894759;-4.9675484;-6.616358;-2.4829414;-10.393921;-2.1175432;-9.702566;2.433489;
3.2943826;-11.06684;-6.1400013;-9.443203;-7.4236927;-7.2218895;-7.655055;-8.438986;-23.956837;-12.313135;-6.763604;-3.1587052;-0.8417247;-12.528519;-9.765476;-7.5241656;-7.6952114;-14.693016;-12.629028;-20.003382;-12.832457;-18.894249;-11.866866;-11.741648;-13.661509;-11.88615;-14.943688;-4.6187234;-4.706646;-3.2870908;-4.918513;-1.6825578;-9.32622;-9.486823;-4.5812054;-2.451378;-8.6821785;-5.1591573;1.149086;-7.42104;-4.5636835;-7.114887;-4.385461;-8.677568;-3.575611;-0.9995804;-7.953667;-9.142227;-3.4287348;-2.4579382;-12.455804;-7.4118814;-5.732312;-2.9194503;-1.9101806;-3.4366224;0.73029685;4.4543552;-1.0535871;-6.8206906;0.9723844;-1.7815548;-12.167528;-6.3184085;5.522088;-4.85277;-3.953741;-3.6488328;-3.381666;-9.741341;-2.2058623;-4.8747993;-2.5551913;-8.203698;-7.673031;-6.4096136;-8.645185;-6.2730927;-14.348272;12.2927265;
2.0452216;-14.880226;-7.67796;-11.347605;-7.7876654;-6.2430143;-8.358452;-8.126973;-22.377773;-11.193383;-6.606413;-2.4073966;-1.4043511;-13.656554;-8.735195;-9.145069;-8.7657585;-11.469278;-13.387275;-15.377626;-15.564077;-17.609491;-8.987858;-9.88319;-10.627563;-11.876277;-15.755337;-4.9342318;-7.229938;-5.4978676;-11.646446;0.36544502;-8.573565;-6.9810576;-6.705673;-5.6739583;-10.420213;-8.300553;-4.5722203;-9.929991;-8.47836;-6.2183867;-7.5625763;-9.37346;-4.6916194;-3.647204;-11.601332;-12.27318;-8.279857;-2.7842438;-16.05125;-12.266016;-10.302144;5.0817795;-4.470016;-2.4487066;-1.4123051;6.791253;-1.3284817;-4.6421957;-2.1430244;-0.028899372;-11.2203865;-8.060455;-1.9513173;-3.8798563;-1.5137628;0.13308632;-2.9226122;-5.1158047;-4.0695276;-5.5564356;-2.6174963;-6.005975;-4.8467913;-4.788082;-7.935568;-6.6238003;-10.202607;11.301012;
-2.4391332;-12.885077;-8.946939;-9.8050165;-8.299036;-8.994811;-11.401701;-6.427348;-18.38897;-12.910751;-6.566339;-7.6515713;-4.1276445;-17.88102;-8.537162;-10.338515;-9.068547;-11.321881;-12.257584;-12.247102;-15.426741;-17.102325;-8.513687;-10.178426;-13.128693;-12.461444;-13.468154;-4.339034;-6.732819;-7.2490177;-13.295938;-3.8231978;-11.672848;-9.037917;-10.392996;-7.2564583;-11.440076;-11.523375;-9.026862;-10.567502;-6.631917;-6.779317;-9.476317;-12.667777;-7.692609;-6.4357576;-14.36599;-10.914854;-10.070139;-5.469477;-12.795197;-13.419596;-15.472449;7.2780414;-3.1031837;-0.22668105;-2.390971;9.026894;-0.58584964;-0.1973592;-3.5588775;1.2410915;-10.503791;-5.5908093;-3.472293;-0.07335234;0.02232945;3.3706563;-1.041345;-1.3184302;-2.1468654;-0.625579;-1.3928367;-0.967247;1.4156828;-0.49908638;-3.8356643;-3.9002848;-6.32751;2.9036179;
-3.2630541;-14.648946;-8.426884;-11.8256035;-14.741518;-8.675394;-18.940329;-8.275445;-17.513338;-19.8642;-8.758261;-6.4276676;-3.6125412;-27.028732;-15.423198;-14.796766;-14.58961;-12.619446;-16.4376;-10.277277;-18.4021;-19.479069;-16.825218;-19.803967;-13.864193;-17.238771;-16.90177;-11.06595;-10.75336;-11.427294;-11.674379;-11.805775;-13.90748;-15.438986;-15.056971;-10.514288;-11.777412;-16.738163;-12.816368;-9.924892;-5.179929;-14.024681;-13.676413;-23.189812;-10.416863;-10.228067;-15.179359;-12.536663;-8.140788;-8.25955;-10.505933;-12.306347;-19.420738;3.116931;-3.287236;-2.7281065;-4.0112047;3.13299;-2.8529305;-4.5338087;-6.764766;-0.5355338;-10.070319;-6.02828;-5.1808515;0.6157688;1.4368538;-1.6271192;-2.4888408;-10.724852;4.931398;1.8893207;-2.8064008;0.0015779734;11.89971;1.4056473;-6.0159073;-3.7513747;-5.2914257;10.189571;
-3.2371156;-12.441116;-7.98452;-10.605563;-14.803227;-13.130505;-16.82161;-6.5208426;-17.554014;-18.642128;-9.810009;-8.519378;-6.210373;-22.357994;-12.899996;-8.889566;-13.147772;-12.215919;-16.403587;-9.88138;-16.863953;-15.651426;-14.741055;-17.596111;-14.12819;-16.884855;-14.8783245;-9.808104;-8.938336;-11.117427;-11.440672;-9.715361;-14.219358;-14.205576;-14.281219;-7.2551208;-9.440319;-15.08045;-6.7863564;-7.6677866;-5.9185686;-17.156065;-11.277258;-23.787054;-8.165794;-9.053147;-11.73122;-12.013223;-8.109317;-8.337251;-9.630734;-7.330848;-15.18219;1.4866822;-4.2123613;-1.5724013;-4.3930798;5.772909;-3.9056544;-3.1100574;-3.7147527;-0.8517504;-8.022647;-4.7681684;-0.6662628;1.0020868;1.9349344;-2.5029728;-1.1152145;-10.927812;6.4026513;1.7279005;-0.82211363;3.4170072;13.242914;3.640847;-4.285617;-1.2659047;-4.706789;5.4489703;
-3.7799165;-9.649849;-7.6423798;-12.222736;-10.722947;-9.185535;-10.581428;-7.8163843;-22.595129;-17.050539;-6.853986;-9.327074;-2.516871;-20.370697;-7.1731105;-5.6778564;-9.656299;-12.479349;-10.787844;-11.622253;-12.5414295;-17.874285;-14.953216;-14.397908;-11.823821;-12.355358;-13.443621;-6.887573;-7.884884;-5.4282107;-14.109913;-2.7721272;-17.736004;-10.891991;-15.315477;-3.8096597;-10.774862;-14.67421;-2.3445265;-10.21626;-10.256802;-15.949938;-13.438567;-17.785023;-9.580092;-9.70914;-14.874014;-9.332529;-13.440384;-11.769108;-16.12653;-7.3258805;-12.957792;1.5890782;-7.151754;3.0016737;-1.9750452;10.755127;-5.6405005;-2.0445137;-4.7296376;0.4983585;-12.404964;-5.3441978;3.656292;-1.6349304;-2.6699028;-2.8089948;-2.9699478;-10.332237;-2.3572001;-2.483635;-1.9204575;2.8965993;4.2651076;0.66823393;-6.881093;-0.37672067;-5.017378;5.9629326;
-0.7773837;-8.560742;-7.2254496;-10.954905;-6.8367205;-9.141701;-8.2212105;-7.465985;-20.350367;-14.129645;-6.7326517;-6.5778136;-3.6480074;-17.355103;-10.0366535;-9.700983;-11.486476;-13.314292;-10.654076;-13.880297;-13.234014;-18.861893;-13.869704;-13.517218;-11.2975235;-9.7368555;-12.30781;-6.7917624;-8.115196;-5.575166;-8.938532;-5.958596;-16.291765;-9.443274;-12.315323;-4.6377926;-11.510916;-13.983019;-1.2981942;-8.659237;-10.000715;-12.594951;-13.927448;-13.148617;-9.213679;-9.707333;-13.273275;-9.073186;-14.227835;-10.363464;-16.383394;-7.5740457;-9.680702;-0.81708086;-4.396085;0.38145077;0.99215615;6.907302;-3.9980693;-1.6020782;-1.8257395;-0.8749242;-12.978023;-2.7675133;3.7160833;-4.0017014;-2.5391302;-4.297366;-4.8110247;-9.965504;-2.3826153;-4.301788;-2.276738;-4.1346917;-2.1633255;-2.2417784;-6.4009233;-2.150613;-5.239084;12.033419;
0.027511;-3.1720145;-2.7136748;-8.685086;2.1893034;-1.595439;0.5768132;-2.281866;-14.64571;-10.200339;-2.8419507;-4.7083178;-0.6579237;-8.628185;-7.2362604;-6.7075334;-6.0999947;-13.758133;-6.034014;-12.358847;-6.438983;-16.485792;-9.785266;-12.721213;-7.596341;-7.2605314;-5.983005;-5.318723;-4.1635704;-3.4320252;-4.469899;-5.2699885;-10.039999;-6.8551693;-6.157674;-0.9597554;-6.982097;-7.372792;4.5910726;-4.2762733;-5.884451;-7.884843;-8.771011;-7.4646606;-6.262886;-6.6332293;-6.4443264;-7.0422845;-6.6155605;-5.854155;-15.918128;-5.8042784;-7.006266;-3.994033;0.082981825;0.4360122;3.3719914;4.1696258;-0.71171373;-3.2986672;3.6003287;-2.7251225;-8.721094;1.5264047;8.828394;-3.5225563;-0.57455075;-3.209858;-1.992839;-7.853005;-1.3983464;-1.1279219;1.7997627;-6.1162095;-1.046001;-0.7740927;-5.9039426;0.022302747;-4.169989;1.1825285;
8.46627;-5.253252;-3.9039736;-11.162918;-5.106217;-4.2367306;-4.6525936;-3.944864;-12.437925;-10.247852;-2.7773273;-0.96683997;-1.3178065;-13.277205;-7.6774797;-9.390446;-6.2932177;-13.254467;-7.6996317;-13.263039;-9.681944;-15.988412;-11.384085;-12.8477955;-7.8622355;-7.1667533;-9.027955;-6.5073843;-7.0837874;-7.5078316;-7.727542;-7.7742233;-11.500705;-10.230487;-8.16813;-4.712574;-9.956508;-10.067893;-1.2024713;-7.8105755;-7.965433;-8.38861;-8.361023;-11.2359295;-8.981694;-7.57949;-7.1775656;-9.336676;-5.71881;-5.170443;-13.5043335;-9.098312;-11.526664;-1.7590089;-3.19003;-3.3408034;0.020300478;-0.19833386;-3.241714;-5.4576173;-0.39948833;-2.4270065;-9.182058;-0.3912988;2.8537922;-3.2788012;-0.15807301;-2.0324578;-2.7808113;-8.944477;-4.5649204;-0.6049174;-0.17910522;-4.9071817;-3.0328655;-2.589842;-7.588517;-1.9255264;-6.6815805;9.7540045;
8.897535;-4.1070294;-2.2557247;-6.880012;-4.7363186;-2.3387194;-3.2796412;-2.7917197;-10.045036;-5.6657724;-1.4553869;-0.43268585;0.35655996;-11.045196;-4.030837;-3.8729243;-3.4087;-6.79283;-5.1305885;-6.2652183;-6.6822357;-7.1242485;-5.2947373;-6.5779386;-3.5856085;-3.5030663;-4.3616724;-2.883688;-1.9703496;-2.8746707;-4.395963;-4.155308;-4.2793746;-3.8295012;-3.7081218;-1.5402677;-4.342328;-4.8127346;-3.4273849;-1.8939589;-2.2621741;-3.4153693;-2.5458198;-8.662757;-3.23273;-2.085613;-2.5494897;-6.624883;-3.1361387;-3.3014925;-9.75551;-4.2961493;-7.6004324;-0.012109466;-1.6591976;-1.4009849;-0.22895592;0.271775;0.24226671;-0.97701323;-0.6500435;-1.9754626;-6.272681;-0.91319585;-0.6267684;-1.0790982;0.55070716;0.19247234;-0.5094738;-4.917473;-1.2218109;1.4710553;0.7508659;-2.410174;-2.1141675;-1.2855504;-5.144337;-0.50954944;-4.14954;2.2102506;
9.397217;-5.121662;-3.1876466;-3.8243032;-7.005926;-1.764337;-5.343637;-6.0227675;-9.484688;-4.2832623;-2.401697;-3.4783823;-1.2885448;-11.388442;-5.5057144;-1.8696737;-5.9657826;-4.5144124;-5.6653605;-6.9313383;-7.4742317;-7.150996;-5.3857207;-6.541912;-5.3568892;-6.098181;-6.5931396;-2.1777496;-2.2929587;-3.85351;-3.6742568;-4.0648355;-4.334279;-5.847891;-1.8566108;-1.5520673;-2.219553;-6.222018;-4.7240233;-2.164267;-1.5259404;-1.0351086;-3.9988093;-8.572059;-2.3914495;0.59471375;-2.0858607;-4.2375946;-6.8137007;-5.6826897;-7.9409084;-2.829571;-7.390403;-0.9111408;-0.8838196;-2.07616;0.47653303;-0.6190232;0.3785299;-1.2938608;1.2138686;-0.3389092;-3.50937;-5.4796085;-1.1644745;-2.6649678;-3.0823069;2.4146547;-1.2364131;-3.8787122;-1.0492873;1.0498832;1.176541;-0.32518393;-3.6957421;-1.9935082;-5.8921776;-1.3687093;-4.4386024;3.4500227;
2.1590707;-7.0468044;0.11536629;4.0914483;-2.9740558;-2.0790632;-5.785703;-4.907052;-4.659195;-5.951992;-0.6604608;-2.1206207;0.17766082;-17.811932;-5.425978;-6.112815;-8.152038;-3.731411;-5.9021087;-6.6225586;-6.352911;-8.196903;-3.4382231;-5.878355;-8.26129;-7.192566;-7.706873;-3.7711313;-5.661395;-6.99961;-6.094651;-6.7026253;-5.736882;-6.7663035;-0.120941326;1.8708777;-2.2962422;-11.025214;-6.891378;-5.079167;-3.924202;2.4864283;-8.863753;-11.897682;-4.507676;-0.5563642;-4.113044;-6.6494713;-14.08143;-10.297962;-8.750211;-2.8898885;-14.846964;0.7224202;-0.6170764;-3.6971474;-3.4219213;-1.1050668;0.33795393;-0.29849446;0.17023522;0.13592511;-4.4763646;-8.908602;-1.1506718;-3.1369786;-2.5739822;10.868121;-3.2001052;-6.7796364;-1.0662987;0.5929363;1.155286;2.100414;-6.4414797;-5.6855583;-6.8055964;-1.3993319;-4.202287;1.6554105;
0.08757515;-10.2883625;-3.7471294;-2.6735177;-9.128046;-5.337944;-9.95355;-9.085775;-5.6399784;-9.921496;-5.2544293;-5.6040077;-3.30527;-11.349859;-7.552828;-7.102641;-12.252493;-7.767869;-5.373931;-8.123565;-6.2611513;-8.407789;-8.166139;-7.1763434;-12.380354;-13.011994;-9.938411;-6.642717;-8.39781;-10.966562;-8.674847;-9.927957;-8.090784;-10.4136915;-5.6979485;-4.9029975;-6.2959657;-13.693489;-9.814602;-8.83922;-9.929461;-5.509539;-12.011894;-15.815907;-8.601299;-8.496709;-9.652472;-9.654046;-14.002848;-12.82519;-11.465358;-10.085497;-16.899382;-1.4846874;-1.2162418;-5.676463;-4.5662656;-0.8153751;6.276809;-0.50599706;-1.0836006;0.6379686;-4.9844427;-7.690342;-0.7492026;-1.1265681;-0.5478729;4.6253166;1.0146126;-7.4508047;-0.5184796;-3.3031445;-0.79243165;2.3154693;-6.2706337;-7.3018084;-3.6986146;0.5788803;-6.6130934;8.172249;
1.3065748;-7.586359;-3.7283568;-4.2851133;-6.5508237;-2.9471226;-8.170604;-6.8724275;-6.123291;-7.166047;-3.6340022;-7.5244846;-1.8773392;-8.606207;-7.1699944;-7.176012;-9.881016;-10.199288;-3.955855;-6.6974955;-7.2794733;-4.2267036;-4.847994;-7.048545;-8.607454;-9.410967;-3.5285969;-5.509253;-4.165409;-9.2134075;-4.649791;-7.5410132;-1.8504214;-8.9245825;-7.9636717;-7.8978767;-7.2766676;-8.998948;-8.609177;-5.4380765;-7.768651;-6.250257;-8.233854;-13.326349;-4.8002567;-9.572549;-4.1422644;-11.201626;-8.831668;-10.990547;-10.615992;-8.4473915;-13.995826;-2.5397751;-1.2107987;-4.082984;-2.966665;-1.5042098;9.781564;-0.5682259;0.33880693;-0.12928683;-5.213822;-1.9075513;-2.252173;-1.4332457;2.750535;1.439073;2.2390225;-7.2034483;3.8126502;-2.4419932;0.5376381;1.4337236;-3.0752547;-2.5394034;-3.8757343;-0.85743254;-4.5292373;4.500661;
5.2603498;-7.7580056;-4.831711;-4.6104736;-7.0192857;-5.186055;-8.500113;-6.776213;-7.1473846;-10.328638;-3.181426;-4.614615;-1.4395622;-9.666109;-7.0167837;-7.578761;-9.441687;-14.039759;-7.096259;-8.719963;-8.804248;-7.311943;-5.760299;-7.0006056;-7.181977;-7.5519266;-5.6650167;-7.515504;-3.7615464;-8.581179;-5.499846;-6.8909893;-3.7370608;-9.557145;-8.345187;-8.289164;-9.15101;-6.996067;-8.302479;-6.9272223;-9.4759445;-8.150163;-8.337545;-11.665106;-6.3039536;-10.011084;-5.2529097;-10.846514;-8.315624;-10.360654;-13.163614;-11.36274;-13.837475;-3.0281732;-2.2184076;-3.7889614;-1.9921694;0.9325091;8.132483;-2.660589;-1.4253032;-3.1826608;-6.7528152;-1.4476581;-5.291714;-0.682472;0.5081362;-0.4546154;1.5035586;-6.19282;-0.25240487;-2.9561415;-0.4600191;-0.16931956;-2.6153927;-2.7703886;-1.8893781;-1.4802295;-6.5841618;9.826737;
8.280878;-5.7954173;-2.3032696;-6.4684916;-6.291213;-2.1037302;-6.6430783;-4.7130947;-5.953023;-8.353999;-2.5783417;0.2530682;0.67666215;-9.654446;-5.1999183;-5.5561295;-5.7292757;-7.421195;-6.320138;-6.9557686;-7.3128343;-5.0309215;-4.922329;-5.182951;-4.527855;-5.5546274;-4.1974435;-5.620503;-2.3062334;-6.1229067;-4.3776665;-5.0645657;-4.718211;-6.7439213;-5.73688;-4.9569902;-5.7271156;-6.4241624;-6.0428867;-4.02108;-7.4387617;-5.7495937;-5.2928257;-8.93364;-4.49681;-6.125737;-3.581122;-7.6933002;-5.7810926;-6.834155;-13.460323;-6.680192;-8.889586;-1.4289062;-2.5791497;-2.7844415;-0.8351191;0.7578027;2.420737;-2.1930084;-0.9823852;-1.9623806;-4.9701076;-1.0937717;-2.665038;-1.2822255;-0.11209667;-0.60386616;-0.324099;-6.2646503;-1.9853848;-1.1447432;0.18863052;-1.77701;-1.9757777;-3.2263641;-4.703479;-0.8198024;-5.5017676;7.1836624;
8.413281;-3.3838706;-0.85680294;-5.877885;-5.978268;-1.990498;-4.539162;-3.8475254;-8.155737;-6.2351127;-1.6558785;-0.7614554;-0.28710896;-9.496337;-4.390847;-1.9180176;-4.1201916;-5.356186;-5.274606;-6.4164796;-5.8951263;-4.7869835;-5.1424646;-6.0079746;-3.3743176;-4.1566677;-3.3983703;-2.8172307;-2.262434;-3.8771508;-3.2404807;-3.7537792;-3.986958;-4.3578863;-3.2275968;-1.5494485;-2.6336274;-4.2234707;-4.413163;-0.7053121;-2.9361663;-4.98867;-3.2814112;-8.286987;-2.3730783;-1.963521;-2.6444504;-5.1827316;-4.3020897;-3.0969799;-9.454552;-3.0881987;-6.390517;-0.5809998;-1.2686725;-1.1460686;0.27813366;-0.19224441;0.2057054;-0.9887881;-0.99282;-1.1560013;-4.570986;-2.401792;-0.60969615;-0.78994113;-0.106619835;-0.8017541;-0.5186107;-4.681465;0.53759885;0.95369256;1.163078;-1.8017422;-2.2108839;-1.609134;-4.313073;-0.63459945;-4.6252995;2.7156274;
7.9955316;-5.962181;-0.43982136;-7.4429483;-8.330267;-4.295145;-6.6222715;-6.12121;-11.1661415;-7.1372924;-3.7078915;1.1640663;0.20690612;-14.257446;-7.122553;-3.9468505;-6.955032;-5.263443;-8.098785;-8.152657;-7.6605673;-10.188024;-9.257467;-7.3224535;-6.218276;-8.022575;-6.5298247;-3.3870711;-4.3865566;-4.652814;-4.151736;-5.719237;-5.9863224;-6.0015845;-5.052083;-1.1261326;-4.434407;-6.157262;-8.152708;-2.4534912;-1.7800723;-3.0328948;-5.066843;-11.169455;-6.5388613;-0.9473896;-6.16185;-6.9067698;-7.8283725;-4.834772;-12.087812;-4.477961;-10.085205;-0.92006767;-3.8735106;-1.21818;-2.283108;0.4574082;-2.5234623;-2.071012;-4.43799;0.8955685;-6.304181;-5.7575183;-4.8085756;-1.747014;-0.3611313;-0.31804585;-2.1741822;-8.482386;-1.0242693;-0.20433074;-3.3477068;-0.6380115;-3.8759634;-3.6739955;-6.675208;-1.8974707;-6.4295235;8.184891;
0.89136004;-0.85812044;0.4137432;-4.265436;-8.8338585;-3.2863388;-5.1550217;-1.0725646;-14.657037;-10.412544;-2.724949;-0.1752013;2.2514787;-14.202312;-6.476997;-2.9188628;-5.2438903;-5.616068;-7.873296;-6.086361;-6.5300674;-10.95666;-10.126606;-7.523803;-6.1817036;-8.114517;-3.7333238;0.4434198;-3.942248;-2.620202;-2.8001375;-6.435589;-3.1064677;-6.4614754;-3.6512525;4.514751;-1.4505653;-5.6422496;-7.33759;1.5838549;1.2256447;-1.5578285;-1.4662821;-9.889789;-5.433131;1.3805288;-4.11277;-4.630985;-5.095407;-5.0444126;-13.138569;-4.6684065;-11.441561;0.076385975;-1.468045;-4.872894;-3.0400376;0.64840627;-0.2766174;-2.4488974;-1.90965;1.3024905;-4.0016484;-5.5324535;-4.733591;2.6553938;3.73399;0.52030945;-1.0678552;-8.399818;-0.24220568;1.4236547;-2.9637487;1.6939628;-3.8372536;-4.2973566;-9.7667465;-2.4010172;-9.068226;2.569035;
0.18320894;-10.735297;-4.58959;-9.32918;-16.048307;-7.0930815;-9.987507;-7.341658;-20.535156;-18.424627;-5.245769;-2.7071848;0.2847857;-16.626362;-9.534819;-6.7364116;-13.008319;-12.621487;-11.915851;-10.276976;-11.202754;-16.479511;-16.77294;-10.28374;-12.775766;-14.664298;-12.576085;-3.0107265;-8.724228;-6.396215;-7.800352;-12.9863615;-8.60378;-11.17508;-10.891098;-1.4878192;-9.241827;-12.859152;-12.845551;-2.4205887;-4.2266116;-5.685974;-4.8364553;-14.497875;-10.468886;-6.815243;-7.526547;-11.085383;-9.7958;-9.887549;-20.330364;-12.577249;-20.465263;0.67687285;-3.1137667;-4.8497553;-6.115881;0.6209892;-4.5542393;-6.8073955;-1.122133;0.3965037;-11.346149;-9.295914;-4.763405;2.5188828;4.373312;1.0180652;-1.3865075;-12.126691;-2.351899;-3.2949066;-3.7628193;0.86315346;-5.7900963;-7.281183;-10.643158;-5.6633787;-17.010075;11.988527;
-3.1088808;-13.360195;-4.1938415;-8.127367;-15.422918;-7.579631;-11.683485;-8.591068;-16.033398;-16.758026;-4.60525;-5.7745323;-2.1366055;-10.163612;-8.916621;-4.0759926;-11.970267;-12.709126;-12.125668;-7.309013;-10.078583;-12.26086;-10.702993;-5.82476;-15.833411;-14.10201;-8.08011;-5.275166;-11.078579;-13.479581;-10.257553;-14.443873;-13.112023;-12.252593;-10.132633;-4.7617693;-12.880459;-12.787727;-13.75378;-3.7529712;-3.5163193;-11.563601;-8.850491;-16.79626;-8.241407;-10.510945;-7.8438787;-11.216812;-8.4881735;-11.442234;-17.711828;-9.865244;-16.656174;0.39462844;-4.4014864;-4.4605327;-6.0514846;1.4205489;-4.07475;-8.223402;2.8169699;2.244832;-11.680271;-8.665534;-1.6633295;0.033204466;6.5467687;-1.4819933;-1.2010512;-12.770461;1.7228715;-3.3330073;-1.2954493;2.8826675;-1.3764821;-8.15312;-1.1388855;-1.6885804;-10.531985;8.370068;
-0.76634574;-13.877872;-7.415894;-10.592096;-16.674622;-9.307841;-13.712407;-12.250232;-17.952408;-15.5689125;-7.4655457;-5.3586493;-3.952349;-12.592313;-10.3102;-5.392336;-7.6934776;-8.375029;-10.615009;-8.112989;-14.525853;-10.505835;-11.348333;-3.352583;-16.633682;-18.017399;-13.460824;-7.6409407;-12.297041;-11.31365;-13.91194;-10.70881;-15.153723;-12.658912;-9.724136;-6.735619;-12.044026;-12.153061;-12.368805;-7.5582886;-6.020476;-11.78798;-10.838861;-16.394176;-8.331825;-9.39028;-8.170639;-12.002913;-11.373712;-7.7876687;-17.542002;-13.426796;-13.678171;2.8401809;-7.2811112;-3.848733;-3.983366;2.9933138;-5.887074;-6.1259127;0.8327327;1.107615;-9.613531;-9.332302;-2.600875;-2.818623;2.4827218;-2.0366378;-4.0779643;-13.2849045;-0.2625053;-4.8813705;0.19320142;1.3222392;-4.2755923;-7.2437525;-2.5374925;-2.9811692;-7.7403083;10.862174;
-4.1583457;-13.216783;-8.484533;-15.1792555;-16.316736;-7.1497054;-12.842529;-14.471867;-20.798935;-14.347618;-8.249187;-5.107091;-6.066004;-16.98933;-8.456329;-10.801422;-9.919885;-11.619546;-8.18103;-5.254531;-12.450088;-13.199114;-12.15973;-7.6625214;-13.898244;-18.411278;-16.04785;-2.1269841;-12.875019;-6.0216813;-14.595089;-5.1115212;-14.147163;-6.987534;-11.625982;-6.4909544;-9.797199;-11.9502;-12.937651;-9.063407;-7.4830017;-5.310447;-11.617035;-13.4769745;-10.12462;-4.935324;-8.015486;-7.118456;-13.985885;-11.5977955;-19.244638;-12.703276;-14.863631;8.863241;-5.1639314;1.6289984;-3.147204;5.6095943;-5.884985;-4.2326164;-6.2518454;0.33024186;-11.18659;-11.109882;-3.8104725;-4.4010153;-2.6096053;4.8412304;-2.8950512;-6.6190286;-2.838301;-0.33061552;1.3819366;3.987584;-7.2672625;-7.8880444;-6.2402573;-2.5331438;-7.3435464;3.8608613;
-4.2019563;-11.872317;-6.7455683;-13.965159;-13.79262;-3.4344249;-12.474451;-12.537114;-15.744839;-13.858885;-7.4570646;-5.205294;-8.623108;-20.644737;-14.01072;-13.489416;-11.95616;-12.655606;-8.692482;-8.776792;-13.018948;-10.443119;-14.398418;-13.059353;-12.414428;-16.360758;-14.5075445;-2.7634244;-12.065613;-6.5094457;-12.033212;-6.0555296;-8.545828;-5.8849754;-8.932978;-7.212054;-8.68308;-7.9972835;-9.580322;-7.7034883;-10.508678;-9.380031;-9.871946;-14.92878;-7.360828;-3.5304635;-6.044191;-9.790909;-10.815773;-11.416498;-10.45599;-8.426786;-11.231546;4.3615136;-0.9991804;1.6982349;-1.3722427;-0.86646533;-0.65127015;-6.502716;-5.0265417;-0.8710987;-11.009485;-3.3159416;0.042959988;-2.8134112;-2.4174027;-1.074035;-0.79105186;-10.884662;2.6740615;0.4246986;5.7882504;-1.2287368;-6.2638745;-6.8727083;-0.16867232;-3.8440359;-4.2902737;5.861699;
-2.1063316;-9.155391;-7.412755;-10.9164505;-11.374783;-7.3135886;-9.319763;-10.109405;-10.889154;-9.671919;-5.8703976;-3.4806504;-8.128688;-17.926182;-18.41227;-12.573966;-15.356944;-14.71772;-9.821619;-10.923598;-12.569688;-10.875351;-18.119423;-18.063225;-11.262243;-12.229519;-17.3293;-5.197424;-9.093512;-7.557106;-10.372822;-6.132002;-5.281727;-9.264816;-5.4015155;-7.5962257;-8.4123;-5.082881;-6.6901865;-4.467844;-9.975151;-12.115799;-10.469835;-15.645295;-7.8826427;-5.686734;-2.8817735;-12.194946;-9.908244;-10.616742;-10.175958;-9.348183;-11.539287;-1.380117;2.0308666;0.58401346;3.524876;0.66257095;2.4098973;-7.582445;-1.6565685;-1.642112;-6.223135;1.1557262;0.91512525;0.38420117;-3.155624;-3.2476501;-2.7475023;-9.3817425;2.7349129;-0.280887;12.454159;-4.2867403;-2.7948828;-3.4129333;-1.3820838;-6.2033424;-3.3949928;4.5371947;
0.27998406;-13.070037;-10.847902;-10.273018;-14.505996;-10.728961;-11.619041;-11.248014;-14.8000145;-10.257374;-6.169842;-1.8495423;-8.183798;-18.504387;-15.786437;-16.030506;-16.54853;-13.121777;-10.37425;-12.102782;-14.021023;-11.943087;-20.613396;-15.924795;-13.611305;-16.030964;-18.747849;-6.084913;-12.118539;-8.998969;-12.595898;-5.423569;-7.0288982;-11.434221;-3.6834507;-7.960929;-9.222513;-7.6967316;-10.485011;-6.0583696;-13.407021;-9.909374;-11.146122;-15.524904;-13.084833;-9.907332;-2.6163337;-14.100361;-11.792776;-13.935833;-17.28027;-10.385408;-13.742908;-1.2010514;-3.9837182;-0.41177428;1.3797474;3.0608497;-1.175864;-6.4012685;-0.29936874;-0.64000016;-9.227022;-3.755959;-1.8880198;-1.4417784;-4.4277234;-0.7007215;-6.234847;-11.236117;1.7203563;-1.9421213;9.579638;-1.0402701;-5.5764737;-5.6647635;-5.9073052;-6.959075;-6.2318144;9.203291;
-1.9714828;-10.769773;-8.352673;-10.798969;-13.711063;-9.5653925;-8.692627;-11.477141;-21.718788;-12.764015;-5.520657;-5.014523;-9.232147;-25.680788;-9.369876;-15.486786;-14.546121;-14.467931;-10.674599;-9.821494;-13.314063;-15.752171;-17.091461;-16.146921;-13.440529;-17.492945;-14.633863;-6.4251003;-10.826467;-6.728651;-11.001752;-4.4677515;-12.718896;-9.8398905;-3.9643111;-8.417871;-11.624695;-10.260134;-7.2144737;-8.025052;-9.220869;-7.065543;-12.588654;-10.680536;-12.852724;-10.863866;-6.19995;-8.49939;-10.587095;-9.319904;-23.984177;-12.778769;-14.154515;1.1289915;-1.5007966;2.152827;0.9155041;6.187156;-0.8286372;-4.5183835;6.798752;-1.0295838;-11.95107;-2.5076325;-0.34927812;-0.20807981;-1.0799708;1.1264772;-5.176671;-10.042181;0.8505226;-1.2088461;5.0319424;7.213055;-7.162141;-2.3456564;-10.093777;-8.016146;-6.2869205;1.6765451;
-2.0958393;-11.231631;-9.537184;-13.342924;-19.674793;-10.115524;-14.41604;-12.4766245;-21.740265;-18.642847;-8.073699;-4.444502;-11.065832;-25.138742;-10.004635;-11.9231205;-15.239838;-15.97869;-13.420082;-12.695321;-15.90416;-16.908428;-19.364378;-14.373201;-17.198298;-19.151823;-15.722969;-9.100158;-14.31595;-9.95601;-12.118768;-10.953828;-17.043732;-12.190645;-7.004281;-7.597471;-12.977536;-13.631097;-6.709774;-7.6555505;-7.0243535;-8.51079;-15.459501;-18.142178;-11.906092;-13.421195;-11.773916;-3.3597217;-10.20329;-7.491641;-17.7496;-14.471913;-17.476295;-0.26251084;-1.7870547;-0.92321587;-3.0579128;4.667388;-6.781271;-5.482814;5.770415;0.61385;-11.082214;-7.084;-2.2785127;-2.337965;4.3509054;-1.6106441;-4.3187933;-15.237123;3.6091392;-2.0294757;-2.327308;9.67753;-1.8641534;-1.032443;-7.04806;-3.9019241;-10.024251;6.528685;
-3.0155783;-12.850628;-8.436225;-15.072456;-22.437141;-7.5025463;-15.814531;-12.03257;-25.314838;-23.114075;-7.829726;-4.605392;-11.802628;-23.30954;-11.821983;-6.9499245;-15.033657;-17.50285;-12.206985;-13.222402;-15.195141;-18.106157;-20.242546;-15.411158;-17.741789;-18.557379;-18.225302;-8.650623;-15.353201;-10.814304;-10.457935;-11.330246;-17.36592;-12.475555;-9.995594;-8.686157;-11.180912;-15.662271;-4.8586144;-9.494386;-4.361188;-14.258251;-16.908922;-23.178806;-9.788474;-8.717111;-11.058366;-5.6686482;-11.775785;-8.246648;-15.988171;-16.615509;-17.473137;-3.9094226;-3.034078;1.9016871;-2.244277;2.645587;-8.7824;-4.3818865;2.896986;1.2775238;-15.221586;-9.8856945;1.0391992;-3.3678477;6.1338534;-6.387706;-3.2498052;-16.26609;7.5588784;-0.53464377;-1.2007252;2.8546395;-1.6830642;-1.9151165;-6.0013723;-4.2361283;-9.648718;8.152745;
0.40040725;-13.287128;-7.9011497;-13.415255;-19.684677;-4.364457;-13.743243;-11.91177;-23.817535;-18.838026;-5.026026;-0.3402145;-8.016722;-23.07745;-8.1096115;-10.012976;-12.350285;-14.3764305;-13.330463;-10.075797;-15.302219;-16.817448;-18.27098;-12.618384;-13.813753;-16.81092;-17.975311;-7.084501;-12.452045;-8.129744;-8.089735;-8.053902;-14.108406;-9.614998;-13.375674;-8.678515;-9.6016245;-16.217419;-6.0286446;-9.185449;-6.4709034;-12.6613655;-13.531626;-16.618887;-7.524818;-8.468613;-9.075492;-11.259995;-13.48184;-11.4453335;-15.829135;-13.115318;-14.03845;-0.37833703;-4.081363;2.7978158;-1.3648294;2.8182235;-10.407093;-2.7386317;-3.5830612;-0.15529585;-15.448268;-13.769909;0.83583665;-4.31124;4.422885;-3.0876584;-4.6313157;-12.3154955;5.244365;0.38417596;-3.2206864;-3.837533;-3.4085789;-4.691446;-8.925489;-3.9985752;-8.310282;9.761601;
-3.4748814;-12.499039;-8.366049;-8.6371765;-13.318377;-7.391342;-10.855007;-9.612449;-21.988241;-18.230007;-4.3223586;-0.30502474;-7.911792;-26.678661;-6.3265905;-13.105314;-10.865978;-14.409498;-12.371962;-10.493256;-13.491552;-17.390331;-15.53433;-9.710497;-11.360126;-13.1625805;-14.645092;-2.285932;-12.597494;-5.1265287;-5.4078493;-4.217945;-11.937169;-5.911442;-12.894628;-7.558151;-7.7433205;-12.448598;-8.78583;-8.943336;-7.8585486;-8.1587105;-9.922918;-9.48624;-7.0170736;-4.3227606;-9.3142395;-11.230127;-13.724515;-12.137099;-12.839748;-10.412838;-11.659146;5.4516363;-4.2541723;0.89644736;4.774361;5.895192;-9.660063;-1.9067615;-5.5153866;0.4472401;-15.7083645;-10.74387;-0.9843612;-4.2742457;0.94757897;2.556728;-4.2067366;-3.2245882;0.9835038;2.8434262;-4.5095625;-4.804577;-5.404437;-5.9495897;-7.549451;-3.7051423;-6.48048;5.714166;
-0.54794157;-12.634701;-8.190877;-13.363921;-15.207058;-7.3633747;-10.141218;-12.761206;-22.908888;-19.745594;-5.65283;-0.72153914;-7.792543;-21.925856;-7.386232;-13.34338;-13.479428;-16.476255;-13.645922;-14.447039;-11.295113;-17.930725;-14.648259;-10.073668;-12.723188;-13.919043;-18.837076;-3.5856905;-11.860165;-7.1434517;-3.6459653;-7.307934;-13.820593;-6.3145485;-13.647703;-8.089215;-9.86873;-10.473948;-8.437807;-9.935146;-10.181692;-7.4375343;-9.870242;-6.845729;-8.609829;-4.5144796;-11.60734;-6.8547153;-13.055193;-12.353486;-13.575247;-9.709681;-12.771446;2.380265;-3.576585;-0.38701594;6.849523;2.5884101;-6.349102;-2.0832205;-1.5267032;-1.2310992;-11.945251;-3.3441746;4.1520624;-7.0821877;-3.5735693;-1.5707276;-2.6883008;-5.151309;-2.945177;2.3394995;-0.72107816;-3.9728255;-5.900527;-9.473007;-8.191643;-5.0824013;-9.232464;8.826115;
0.3994488;-9.951368;-6.509712;-12.144771;-5.9133196;-6.556259;-5.181326;-9.117352;-25.35012;-16.058048;-2.2806487;-3.1670232;-8.073714;-15.333311;-6.1107693;-11.117614;-8.466726;-15.885052;-7.0657997;-18.521585;-12.287997;-15.752752;-13.213853;-8.957208;-11.052428;-13.1072235;-15.723951;-3.538475;-5.655273;-4.530237;-1.2542788;-6.7340074;-9.419793;-4.279089;-7.9945807;-3.1592348;-7.484137;-9.334553;0.80592;-6.497674;-7.615967;-5.1908975;-5.527616;-6.1730022;-5.205277;-7.0119095;-7.3208838;-5.218738;-9.634951;-8.593084;-17.15888;-5.147664;-8.191412;-2.4387157;0.5847364;0.4277774;10.098223;2.7207322;-0.75890046;-1.6586083;4.0064654;-0.66321266;-11.5663;-0.18074709;8.5915;-3.0845504;-3.0218759;-5.587944;-4.4560137;-5.8303895;-4.835531;-3.2416;2.1568656;-2.9572005;-7.1907406;-5.6447883;-10.171774;-2.3897798;-9.312428;3.5611982;
1.0422287;-15.832304;-9.483505;-15.858262;-12.046279;-5.965513;-12.064547;-11.408309;-25.487144;-18.169594;-2.2706354;-2.0944827;-6.8816814;-19.6274;-8.259663;-15.346261;-9.499599;-17.080214;-9.221926;-17.625168;-13.885214;-15.803339;-13.326392;-13.4313965;-14.282461;-14.643394;-17.7835;-9.035355;-8.556479;-7.200589;-8.987004;-9.852029;-13.623315;-8.081005;-13.952335;-7.624084;-14.314921;-15.652007;-7.4214497;-9.857114;-12.303343;-7.2641673;-9.616495;-15.363145;-9.164469;-14.597771;-10.666813;-9.570175;-14.94656;-12.556908;-21.36933;-10.226761;-12.833747;-1.9318467;-2.3025732;-0.2001907;1.2869315;5.712837;-5.979424;-1.2734563;-0.94034576;0.92846835;-13.972801;-7.6089745;2.9171464;-6.35489;1.2463508;-2.0424774;-3.4112904;-10.495673;-0.94692576;-2.746492;-1.1400597;-1.2879331;-6.412475;-6.0310054;-10.711467;-1.5721215;-12.308054;11.152875;
-0.24584782;-14.308446;-5.1820383;-13.986694;-16.31253;-4.748004;-12.008284;-5.6224794;-18.0192;-14.367313;-2.0399253;1.34484;-6.178137;-23.905724;-8.492287;-11.281105;-11.104177;-20.286835;-11.226397;-16.098148;-15.363165;-15.610197;-13.359572;-13.097543;-14.304268;-11.232422;-12.962599;-9.375461;-10.7539425;-9.6090145;-3.89884;-14.626118;-13.852381;-10.9153;-11.267886;-8.168488;-13.382679;-14.010659;-7.092702;-2.9363728;-0.77567077;-11.990728;-8.884972;-21.981968;-4.7084904;-13.380642;-9.556414;-10.16643;-9.021996;-9.501376;-14.85688;-7.987427;-12.708192;-0.78599936;-4.0766306;-2.7157183;-0.5691705;1.3892367;-4.115925;-3.4593623;1.2327008;-1.6449325;-11.370478;-5.663877;1.1775836;-3.31;8.446756;-1.5525327;-0.6810304;-11.1391945;7.743112;-0.5032609;-1.7522653;1.0326784;2.075352;-0.0182935;-7.9612107;0.6102514;-7.1816483;4.011197;
-0.39155483;-15.636882;-6.1614056;-11.359552;-19.184818;-2.7301474;-14.201869;-9.934986;-17.561882;-14.514272;-2.3988938;0.7656857;-5.5058904;-20.633703;-7.7427692;-9.960486;-7.041736;-15.619335;-15.1109705;-13.677159;-12.990927;-13.254462;-12.970736;-11.345788;-14.242851;-10.472134;-14.001293;-12.820898;-11.564697;-9.663393;-6.757122;-9.966195;-13.661439;-12.650624;-12.473248;-6.2789526;-12.559046;-12.1531925;-5.0179853;-8.198761;-4.786081;-12.74648;-9.369345;-20.878849;-7.4529843;-9.77837;-8.442349;-9.336857;-12.079609;-11.317148;-12.7602625;-10.142855;-10.383862;-1.2796419;-4.8199854;-0.42468143;-5.181109;4.315915;-9.29188;-4.9757886;-3.645819;3.7287467;-10.937606;-6.360874;0.41185617;-6.7041993;2.7839081;-4.106045;-3.6864357;-15.92539;3.4095035;-1.3466179;-1.784508;-1.7092956;0.55795157;1.3660854;-4.8818345;0.1991483;-4.9795623;9.817555;
-0.8754716;-9.443386;-6.5241785;-4.26951;-10.152826;-3.83294;-6.7088547;-8.930628;-16.230043;-10.08791;-1.216344;-0.47666037;-3.946912;-16.48595;-3.5255394;-10.407117;-4.213178;-12.897234;-11.130862;-8.978972;-4.066743;-13.677412;-5.935726;-6.6816506;-8.715709;-10.307415;-9.523315;-10.67107;-7.7730784;-2.8260784;-5.974292;-0.432581;-11.636718;-6.7003484;-11.82368;-6.9778214;-10.5563755;-10.842614;-4.9400377;-9.698057;-4.9077706;-9.403193;-8.121708;-15.511898;-5.0110426;-3.90406;-8.504141;-5.747322;-11.238016;-11.834177;-11.359278;-8.395561;-8.381772;-0.11443466;-4.651282;4.743224;-3.6675034;11.7786045;-5.913387;-0.9460783;-7.126688;1.2265189;-12.269724;-6.848105;-1.2782493;-5.7488513;-0.24619353;-0.73164153;-2.546244;-9.393644;-1.4114196;2.1470299;0.18781352;-1.7944628;-2.379115;0.62306666;-2.6381674;0.5800116;1.0410812;2.2806551;
0.71390486;-9.838641;-8.543884;-4.6211405;-10.707224;-2.249325;-7.498679;-11.11256;-14.5247345;-13.4628315;-0.6010561;-0.7417104;-1.7741754;-18.942322;-8.752414;-12.053054;-8.672802;-10.366165;-14.551911;-12.63211;-7.775656;-12.694468;-10.742311;-10.7683735;-3.9114025;-11.552699;-11.546236;-9.995327;-10.07436;-6.2666583;-4.564498;-5.0824327;-11.757882;-9.759154;-11.816367;-11.171591;-11.494207;-15.146203;-7.043888;-10.552664;-8.13615;-12.531394;-10.440557;-17.147228;-8.767616;-4.7914066;-9.85288;-12.724123;-13.909189;-13.20488;-14.506781;-9.304845;-9.770103;-1.1073998;-7.887996;2.8948643;1.5406423;5.7319536;-6.3972683;0.64902663;-7.8382387;-2.2468295;-10.687006;-11.171062;-3.5332942;-5.4680367;-0.61427605;-4.788047;-2.386372;-7.60672;-0.25183868;4.64096;-1.1792954;-7.4351053;-2.6063237;-1.7558936;-5.888902;-1.1346524;-1.497796;10.852705;
0.8802804;-6.717;-5.9389052;-4.4810944;-6.8344903;-2.2616696;-6.075224;-4.9527674;-10.757703;-14.642841;-2.3955932;-3.267827;-1.0449197;-16.477636;-5.2410746;-11.291446;-5.629015;-7.472173;-14.375272;-11.068671;-8.273935;-8.906383;-10.700577;-7.3885493;-4.152818;-8.7823925;-7.7948484;-4.0277743;-9.152516;-5.692811;-1.6201634;-3.9011128;-11.203468;-5.765807;-8.812516;-4.917736;-6.816244;-11.683675;-6.2356377;-7.873025;-5.2047796;-6.4177637;-6.8169084;-12.533114;-7.818555;-0.52277184;-11.641555;-8.079505;-11.863154;-12.092096;-10.876316;-6.986414;-6.9126925;6.499379;-4.229736;0.22843829;3.8888679;7.3365192;-5.5422516;-2.550222;-5.016718;-0.8235991;-9.655832;-6.971694;-4.3821034;-5.073043;0.72280854;-1.5383885;-3.3209143;-5.534113;-2.7126045;7.821782;-0.6879016;-3.0277832;-3.738904;-0.19507307;-1.6656529;-0.25154948;0.8841706;2.2765698;
1.2045854;-9.635067;-4.26243;-7.03879;-10.730212;0.7706158;-8.239397;-8.762266;-14.481583;-15.40951;-2.2463284;-3.7117329;-1.703331;-16.648968;-7.1437454;-12.4132;-6.400913;-8.033205;-13.917241;-12.526541;-10.022577;-10.9954195;-12.963748;-12.213814;-7.602008;-9.976091;-12.989292;-7.456829;-11.076032;-9.903908;-4.8625007;-7.612253;-13.392583;-7.558845;-11.957857;-4.9499254;-10.859843;-13.410952;-7.730921;-11.127852;-7.7324615;-7.767864;-7.849471;-13.966308;-12.66432;-3.3249402;-9.790432;-8.583056;-11.865554;-13.789165;-12.104275;-9.76128;-11.333059;0.5270777;-5.7760067;-1.8575525;2.3062425;4.026517;-6.5904007;-4.888053;-6.257379;-0.39404964;-10.766016;-6.6669054;-6.3259225;-6.9064627;-1.2220092;-2.3382525;-4.489079;-8.713905;-4.7792788;4.7302976;-1.0764642;-2.578885;-5.674281;-2.7392898;-3.4356263;-0.05925715;-3.9102452;12.460534;
-0.34444356;-7.6256433;-4.0972557;-6.7907887;-9.265648;0.75601083;-7.5503693;-6.2948565;-13.551551;-12.632358;-1.7407879;-5.1808496;-2.7710838;-16.529945;-2.8094482;-11.08753;-11.696272;-8.862201;-15.259051;-9.015454;-5.707632;-13.207397;-10.026572;-8.874135;-5.8436337;-5.2845597;-11.666412;-5.7639894;-7.616674;-6.7318997;-2.1527765;-5.0831575;-9.73825;-5.1215434;-6.9006515;-2.8771453;-9.508189;-12.07963;-3.140163;-9.297813;-2.9738455;-0.37026477;-7.3972454;-10.5267;-9.462541;-1.9046184;-6.9645166;-4.5874963;-6.8885455;-9.547134;-10.666255;-4.8378673;-14.222387;-1.8723903;-2.4146667;-0.6163477;3.8381205;2.0573678;-4.9706173;-3.7237659;-2.9525213;1.0287279;-9.987392;-7.1776695;-5.27444;-4.2357454;-0.40315026;2.9666429;-4.438604;-8.022952;-3.1863587;8.59187;-0.8815692;-0.15643194;-3.842367;1.5917464;-1.2498003;2.6273293;-4.0796223;3.793529;
4.5618267;-8.567388;-3.418076;-7.9435186;-8.493519;0.38226128;-8.250627;-5.6078835;-11.690068;-14.664902;-1.9977541;-5.5569963;-3.607059;-15.94537;-5.594513;-9.009617;-9.147595;-9.749207;-12.520903;-11.572696;-5.9646993;-10.000197;-9.749663;-5.196867;-6.07444;-4.635859;-9.262151;-7.1499104;-6.213904;-7.80389;-3.1714685;-7.120686;-6.8854856;-8.866958;-7.4339113;-5.3417006;-8.692717;-9.294547;-6.0978684;-7.6830316;-6.367629;-4.4541893;-4.398366;-11.577596;-9.115137;-3.8542492;-4.620488;-7.9167676;-5.6243186;-10.390824;-11.906519;-7.714782;-13.433365;-2.1391342;-2.0883224;-2.9027345;1.8990326;0.7997285;-0.995471;-5.1392727;-2.497024;-3.5763848;-7.059593;-3.2388191;-1.4978858;-2.3951073;-1.2793884;0.18272841;-0.85081637;-8.6783;-3.0749197;6.3475904;0.32569575;-3.6175818;-5.0651536;-0.5917849;-2.0772326;-0.75000846;-5.9710193;7.7170515;
8.472583;-4.362342;-0.7114259;-5.6911125;-6.0949006;-0.7582543;-4.1436996;-3.3041363;-8.359922;-6.9221115;-0.482934;-1.9652652;-0.57905215;-10.705206;-2.7147849;-3.0347335;-3.4901233;-5.750789;-5.5451922;-5.464656;-5.092177;-5.2475576;-5.407433;-4.4037857;-3.8851857;-3.7992868;-3.8797202;-3.7884417;-3.1440885;-4.267929;-3.5845747;-4.3257513;-3.7513192;-4.6317506;-3.7576249;-1.5352101;-4.3118196;-4.5691686;-3.6349063;-2.6114311;-3.516511;-3.318596;-3.1237264;-8.580833;-3.851616;-2.829265;-1.898236;-5.916162;-3.5506966;-3.6421287;-9.467062;-4.48898;-8.042055;0.41987574;-2.4980562;-1.0674978;-0.25911534;-0.62258387;-0.7480526;-1.7476983;-1.2852633;-1.6898525;-5.886275;-1.5381745;-1.3350112;-1.6838653;0.8833498;0.3979565;-1.2651646;-4.1916566;-1.1521218;2.4583592;0.6398039;-2.1467896;-3.3211765;-0.099283695;-2.5992846;-0.8902038;-4.5416183;3.9765346;
8.7870245;-4.4713974;-1.2505165;-3.8717763;-5.893796;-0.906078;-3.6303945;-4.732657;-9.331545;-5.248023;-1.8386939;-2.1032655;0.03442347;-10.054756;-4.130292;-2.9491587;-5.519534;-5.1389904;-4.788027;-5.310803;-5.344006;-5.61003;-5.194399;-5.1669436;-3.470945;-4.8012166;-5.295178;-2.371406;-3.771398;-5.404916;-4.24113;-4.7065268;-3.87256;-3.9562964;-3.9879196;-2.384327;-3.0573833;-4.067687;-4.4755645;-2.3874927;-2.929451;-4.5181866;-4.512575;-9.9043045;-3.567462;-2.7533412;-1.7087469;-5.9390965;-4.115492;-4.1568947;-9.565203;-3.8400428;-9.647766;-0.2830128;-1.442504;-2.1256137;-0.31137592;0.15877458;-1.1821902;-0.94842184;-0.61579454;-0.7721271;-4.352358;-2.7660973;-0.6420777;-1.4393101;-0.05827868;-0.016320944;-1.2670767;-5.387912;0.07308452;1.424317;1.4414164;-0.99901485;-2.655048;-0.8944433;-4.0866013;-0.32181543;-6.3114605;3.3173504;
8.63365;-6.5933533;-2.6960998;-0.4757228;-6.408359;-3.2997243;-4.2714534;-6.2084513;-10.672361;-7.0518603;-1.2485971;-2.9687479;-0.1447047;-12.098308;-8.219384;-2.0853512;-7.217692;-4.2886715;-5.505113;-3.1235528;-3.6477227;-6.033671;-4.5257163;-5.553458;-5.186166;-5.955882;-10.699786;-2.7058926;-7.9737444;-11.690164;-7.4860764;-10.439415;-8.41505;-6.5364943;-4.9475627;-3.6147864;-3.632801;-7.3027015;-6.6441035;-6.224356;-3.56106;-10.93173;-12.402581;-16.934032;-9.15237;-3.5411687;-3.629161;-9.520103;-13.523003;-9.71946;-13.711471;-9.006964;-16.044703;-1.585466;-2.8422737;-4.084156;0.62128484;-1.836159;-2.3626614;-0.775738;-2.8227537;-0.21129042;-4.266075;-5.6446104;-2.5764518;-3.53978;-0.39846587;-1.5451409;-2.8437352;-7.428176;-3.5920193;3.4646397;6.715424;-0.9173405;-6.2124405;-1.46619;-5.406188;-3.5768373;-9.749755;9.401821;
1.4731686;-1.0882473;0.15329981;3.4940903;-3.8680906;-1.3518806;-1.6784099;-1.9353712;-6.9407187;-6.5310006;1.9448074;-4.6789293;1.4306574;-7.6174874;-6.071144;1.3709563;-3.4782279;-1.1378403;-0.6561283;0.9988524;1.9180095;-2.7502298;0.37401304;-4.505375;-3.5545833;-2.8483415;-7.9208426;-3.4188144;-5.7028027;-9.989844;-6.0213785;-8.311035;-7.460309;-4.8126597;-3.1765895;-1.7709706;0.7487986;-5.8493576;-4.4542303;-5.972884;-4.148019;-12.141191;-11.017319;-16.36223;-10.193234;-1.101545;-1.7918434;-9.282622;-13.0211115;-9.276232;-12.241975;-7.6461673;-13.246321;-0.329098;-1.132586;-2.8539674;1.5339446;-1.638853;-0.10782099;0.615903;-1.1351513;-1.0030828;-1.5906607;-5.3660417;-0.6371894;-1.572035;0.39212596;-0.39549792;-0.94568485;-5.986973;-2.7862742;5.419355;9.874097;-0.536907;-6.529055;-1.0916004;-6.718089;-1.8756969;-7.932515;3.6831138;
-0.15132934;-7.135906;-4.900394;-0.81038105;-8.084219;-6.395435;-5.0056877;-7.805773;-11.73027;-9.027284;-1.7022426;-5.0226583;-2.6307383;-4.456135;-2.0263722;-4.3842616;-6.7518783;-3.2840095;-2.178689;-0.21136057;-0.87469244;-4.032159;-2.2424304;-4.4509926;-7.5894465;-7.5277376;-13.289912;-8.192841;-7.497925;-9.651482;-7.554395;-8.168006;-10.004767;-7.2038283;-6.825737;-4.6931505;-3.8370872;-8.5758915;-6.9934354;-8.182561;-7.005046;-10.104596;-11.445201;-15.152107;-13.289747;-4.616931;-6.1662946;-9.806414;-11.050379;-9.722435;-16.429335;-10.622024;-15.301385;-2.0215;-2.9309595;-2.8983173;-3.1908383;0.9502218;-3.6374097;-1.6367086;0.31274632;-0.0278579;-7.0204716;-7.71488;-1.5605361;-1.7909439;-1.8212959;4.2573004;-2.3090863;-6.976944;-1.292615;2.0961437;3.7110324;0.32834527;-6.9367785;-2.10591;-6.6436377;-1.8126829;-9.054476;8.286314;
-0.43238705;-10.169682;-5.6340013;-4.6450024;-10.104334;-6.568133;-7.8646803;-9.284351;-13.769426;-11.098938;-2.4192562;-5.981577;-3.1711342;-7.053439;-1.6491989;-7.466667;-7.7137585;-4.873581;-5.0298085;-5.1936927;-3.5798566;-5.638637;-2.397791;-6.2268434;-8.721978;-8.560342;-12.470631;-6.9114494;-7.0052333;-8.590257;-4.627619;-7.41486;-9.967825;-9.7849045;-5.4711065;-6.793301;-4.84906;-11.295901;-5.9013896;-6.541977;-4.346801;-3.2420013;-8.830513;-12.897271;-7.485941;-6.357803;-7.1559215;-7.594471;-6.666274;-7.5140576;-18.734272;-10.846452;-15.706262;-1.1578588;-3.8954434;-4.1423583;-2.3341632;1.4233094;-3.9912884;-2.2747612;1.7133564;-0.5342601;-9.436021;-9.2708645;-1.601748;-3.2896085;-2.5963612;7.2646894;-2.1306071;-7.99222;1.5660168;-0.6127784;-0.2901479;-0.7297957;-6.110633;-1.4484826;-8.249382;-1.332198;-6.505341;7.4392204;
0.6954806;-10.379934;-2.7160869;-6.6943464;-7.0349717;-4.3944283;-9.066485;-4.1214333;-11.053246;-11.05214;-3.0887322;-3.6600404;-1.3786244;-12.518524;0.5131474;-8.906239;-6.484337;-6.0610747;-6.666446;-6.4338794;-1.8122516;-7.1113014;-3.7278557;-6.8008366;-8.875381;-6.3977604;-7.2821326;-4.790744;-5.64348;-7.3631263;-2.1637557;-7.0068855;-10.810238;-12.54729;-4.690202;-6.588669;-6.766867;-13.899382;-5.885735;-6.9891763;-3.5696216;1.2885656;-7.4963493;-10.6224785;-5.368478;-9.16915;-6.320436;-4.9554453;-2.928712;-4.933676;-18.029089;-11.018312;-16.943361;-0.14969379;-1.4916967;-4.5761876;-0.17002165;1.362714;-4.3003855;-5.605569;0.9936317;-1.3861065;-12.593236;-7.8587265;-0.18356705;0.0037923455;-1.5994792;9.953512;-0.36381876;-7.339463;-0.4671362;-2.906218;-2.3165865;-0.7340038;-3.377029;0.9177181;-8.03718;-1.0742539;-7.4332366;3.2787285;
2.3426995;-6.215049;-2.4683962;-8.293895;-8.852677;-3.8902452;-7.179204;-5.7013297;-10.066767;-9.641951;-1.6231444;-2.3595304;-2.2058892;-13.631178;-4.2680244;-6.393439;-6.877836;-7.070206;-7.834947;-8.05995;-4.5549917;-7.3605404;-7.8121347;-6.721407;-5.6361837;-5.343983;-6.8009377;-5.4835153;-5.401602;-5.6176443;-3.8810093;-6.1405897;-8.808085;-9.018552;-6.490539;-5.9640684;-6.310461;-9.107409;-5.5290136;-6.975355;-8.193308;-4.662322;-5.7095737;-10.629741;-6.325519;-7.9585166;-4.360095;-7.5550566;-5.1744123;-5.400447;-14.625486;-10.334639;-13.819802;-1.6018406;-3.1850326;-2.966593;0.18091947;1.4352156;-2.914017;-4.715887;-3.391629;-3.4369273;-10.972157;-3.5681875;-1.092565;1.1549159;-1.9148688;4.234325;0.32560205;-5.534951;0.3047882;-2.7183242;-1.1889147;-0.88017905;-5.467697;-1.2959346;-7.8392277;-1.6813428;-5.522368;8.026884;
2.4479318;-4.6973686;-2.257689;-7.1148252;-6.742501;-1.7664956;-4.9179225;-4.84514;-8.661063;-7.6246033;-1.1880726;-2.4160538;-0.26323116;-9.951023;-4.4837227;-4.156999;-4.764362;-6.2423997;-6.620729;-5.2703805;-5.28837;-5.1936145;-6.0646534;-5.803678;-4.651558;-5.252122;-5.3025184;-4.4903255;-3.5242496;-5.0188313;-3.5827768;-4.691901;-5.4964323;-6.677412;-4.693945;-1.9643114;-5.6337576;-6.8638945;-4.961931;-3.532544;-6.0190353;-5.019406;-4.269769;-8.883011;-5.2232;-5.3728256;-3.0120525;-5.4776382;-4.1901083;-5.3349376;-12.107475;-7.056654;-9.644385;-0.27603054;-3.3625724;-2.1343603;-1.3885733;0.8232624;-1.8905759;-1.8808196;-2.3584378;-1.8598667;-8.254019;-2.6989176;-0.40888435;-1.0057485;-0.72022796;0.9661982;-1.138915;-4.6647706;0.39148605;-0.54346573;-0.13138449;-0.6884824;-2.9494581;-1.23405;-7.004825;-1.2402545;-4.506752;7.116928;
-2.978033;0.4852841;2.2438946;-3.7470222;-5.6584263;1.2594484;-2.292214;-1.0251329;-7.3391833;-8.80425;3.354553;-1.1588066;2.6032379;-10.31085;-4.134;-3.1786401;-3.0610251;-3.525082;-5.3455176;-4.3891425;-4.9923244;-5.27113;-5.9247217;-7.150977;-0.57553756;-0.6651483;-0.8321533;-4.4482465;-5.446667;-5.4965706;-5.0903544;-4.9178414;-5.1742597;-7.1122603;-5.176196;0.7765489;-6.611263;-7.589231;-4.5602617;-4.9656115;-7.293829;-5.56566;-5.4459286;-8.938002;-5.6306686;-5.0838113;-3.3003948;-7.158635;-6.8099976;-5.7334304;-12.446389;-6.388782;-9.085445;-1.1274581;-4.3555155;-3.43839;-1.1211845;0.8841145;-1.1672313;-2.0417688;-1.6099881;-3.0118384;-7.1772413;-4.2330027;-0.13638657;-0.42438543;-0.73989725;-0.207474;-2.6830204;-6.4260902;-0.4076323;0.2580732;0.63755524;-3.2644796;-4.5435934;-2.5502071;-7.3185277;-1.0756664;-6.4371963;8.143195;
